Id,Name,Size,Type,Holder1455,Why
tower_london,Tower of London,large,royal,The Crown,"Royal fortress, armoury and prison of London"
windsor,Windsor Castle,large,royal,The Crown,Royal castle; Henry VI's birthplace
c_dover_castle,Dover Castle,large,royal,The Crown (constable: the Duke of Buckingham),Key of England: the Calais crossing
kenilworth,Kenilworth Castle,large,royal,Duchy of Lancaster,The Lancastrian court's great castle
warwick_castle,Warwick Castle,large,baronial,"Richard Neville, Earl of Warwick",The Kingmaker's seat
pontefract_castle,Pontefract Castle,large,royal,Duchy of Lancaster,Great Lancastrian fortress; Salisbury executed here 1460
middleham_castle,Middleham Castle,large,baronial,"Richard Neville, Earl of Salisbury",Neville stronghold; the game's first region
alnwick,Alnwick Castle,large,baronial,"Henry Percy, Earl of Northumberland",Percy seat; besieged 1462-63
bamburgh,Bamburgh Castle,large,royal,The Crown,"Border fortress; first castle taken by cannon, 1464"
nottingham_castle,Nottingham Castle,large,royal,The Crown,Royal fortress on its rock
raby,Raby Castle,large,baronial,"Neville, Earl of Westmorland",Seat of the senior (Lancastrian) Nevilles
c_bristol_castle,Bristol Castle,large,royal,The Crown,One of the greatest royal castles
carlisle_castle,Carlisle Castle,large,royal,The Crown (West March wardens),Fortress against the Scots
ludlow_castle,Ludlow Castle,large,baronial,"Richard, Duke of York",York's March stronghold; Ludford 1459
c_framlingham_castle,Framlingham Castle,large,baronial,"John Mowbray, Duke of Norfolk",Mowbray seat in Suffolk
c_scarborough_castle,Scarborough Castle,large,royal,The Crown,Royal fortress on its headland
sandal,Sandal Castle,medium,baronial,"Richard, Duke of York",York's Yorkshire castle; battle of Wakefield 1460
sheriff_hutton,Sheriff Hutton,medium,baronial,"Neville, Earl of Salisbury",Neville castle near York
warkworth,Warkworth Castle,medium,baronial,"Percy, Earl of Northumberland",Percy castle on the Coquet
skipton_castle,Skipton Castle,medium,baronial,"Thomas, Lord Clifford",Clifford seat
bolton_castle,Bolton Castle,medium,baronial,Lord Scrope of Bolton,Scrope castle in Wensleydale
fotheringhay,Fotheringhay Castle,medium,baronial,"Richard, Duke of York",York family seat
dunstanburgh,Dunstanburgh Castle,medium,royal,Duchy of Lancaster,Lancastrian coast castle; sieges 1462-64
c_norham_castle,Norham Castle,medium,baronial,The Prince-Bishop of Durham,Border castle on the Tweed
c_conisbrough_castle,Conisbrough Castle,medium,baronial,"Richard, Duke of York",York's castle on the Don
c_richmond_castle,Richmond Castle,medium,baronial,"Edmund Tudor, Earl of Richmond",Castle of the honour of Richmond
c_knaresborough_castle,Knaresborough Castle,medium,royal,Duchy of Lancaster,Duchy castle over the Nidd
c_pickering_castle,Pickering Castle,medium,royal,Duchy of Lancaster,Duchy castle by the Moors
c_tutbury_castle,Tutbury Castle,medium,royal,Duchy of Lancaster,Duchy castle over the Dove
c_penrith_castle,Penrith Castle,medium,baronial,"Neville, Earl of Salisbury",Neville castle of the West March
c_appleby_castle,Appleby Castle,medium,baronial,"Thomas, Lord Clifford",Clifford castle on the Eden
c_naworth_castle,Naworth Castle,medium,baronial,"Thomas, Lord Dacre",Dacre seat near the border
c_cockermouth_castle,Cockermouth Castle,medium,baronial,"Percy, Earl of Northumberland",Percy castle in Cumberland
c_brancepeth_castle,Brancepeth Castle,medium,baronial,"Neville, Earl of Westmorland",Neville castle in Durham
c_barnard_castle_castle,Barnard Castle,medium,baronial,"Richard Neville, Earl of Warwick",Warwick's castle on the Tees
c_helmsley_castle,Helmsley Castle,medium,baronial,"Thomas, Lord Roos",Roos castle by Rievaulx
c_wigmore_castle,Wigmore Castle,medium,baronial,"Richard, Duke of York",Mortimer castle (York's inheritance)
c_goodrich_castle,Goodrich Castle,medium,baronial,"Talbot, Earl of Shrewsbury",Talbot castle on the Wye
c_berkeley_castle,Berkeley Castle,medium,baronial,"James, Lord Berkeley",Berkeley seat (the Berkeley feud)
c_sudeley_castle,Sudeley Castle,medium,manor,"Ralph Boteler, Lord Sudeley",New castle of the 1440s
c_stafford_castle,Stafford Castle,medium,baronial,"Humphrey Stafford, Duke of Buckingham",Buckingham's family seat
c_tonbridge_castle,Tonbridge Castle,medium,baronial,"Humphrey Stafford, Duke of Buckingham",Buckingham's castle in Kent
c_hedingham_castle,Hedingham Castle,medium,baronial,"John de Vere, Earl of Oxford",De Vere keep in Essex
c_caister_castle,Caister Castle,medium,manor,Sir John Fastolf (the Pastons from 1459),Brick castle; the siege of 1469
c_herstmonceux_castle,Herstmonceux Castle,medium,manor,Sir Roger Fiennes,New brick castle (1441)
c_bodiam_castle,Bodiam Castle,medium,manor,The Lewknors,Moated castle in the Weald
c_arundel_castle,Arundel Castle,medium,baronial,"William FitzAlan, Earl of Arundel",Arundel seat
c_leeds_castle,Leeds Castle,medium,royal,The Crown (the queens' castle),Royal castle on its lake
c_corfe_castle,Corfe Castle,medium,baronial,"Beaufort, Duke of Somerset",Beaufort castle in Purbeck
tattershall,Tattershall Castle,medium,manor,"Ralph, Lord Cromwell",Great brick tower of Lord Cromwell
c_dunster_castle,Dunster Castle,medium,baronial,The Luttrells,Luttrell castle over its port
c_brough_castle,Brough Castle,small,baronial,"Thomas, Lord Clifford",Clifford castle on the Stainmore road
c_clitheroe_castle,Clitheroe Castle,small,royal,Duchy of Lancaster,Small Duchy keep
c_peveril_castle,Peveril Castle,small,royal,Duchy of Lancaster,Keep above Castleton in the Peak
c_chillingham_castle,Chillingham Castle,small,tower,The Greys,Border castle
c_ford_castle,Ford Castle,small,tower,The Herons,Border castle
c_belsay_castle,Belsay Castle,small,tower,The Middletons,Border tower house
c_dacre_castle,Dacre Castle,small,tower,Lord Dacre,Pele tower
c_greystoke_castle,Greystoke Castle,small,tower,Lord Greystoke,Tower of the Greystokes
c_danby_castle,Danby Castle,small,baronial,"George Neville, Lord Latimer",Neville castle on the Moors
c_york_castle,York Castle,medium,town,The Crown,"York's castle (Clifford's Tower), part of the city"
c_lincoln_castle,Lincoln Castle,medium,town,The Crown,"Lincoln's castle by the cathedral, part of the city"
c_chester_castle,Chester Castle,medium,town,The Crown (Earldom of Chester),Part of the city
c_durham_castle,Durham Castle,medium,town,The Prince-Bishop of Durham,"The Prince-Bishop's castle, part of the city"
c_newcastle_upon_tyne_castle,Newcastle upon Tyne Castle,medium,town,The Crown,"The new castle, part of the town"
c_norwich_castle,Norwich Castle,medium,town,The Crown (county gaol),Part of the city
c_lancaster_castle,Lancaster Castle,medium,town,Duchy of Lancaster,Part of the town
c_rochester_castle,Rochester Castle,medium,town,The Crown,"Keep by the cathedral, part of the town"
