Id,FootprintM,Basis
london,700,"Walled City ~2.1 x 1.1 km real, at 1:3 (Southwark, the Strand and Westminster are laid out around it)"
york,380,"Walled city ~1.1 km across real, at 1:3"
bristol,340,"Walled town and suburbs ~1 km real, at 1:3"
coventry,380,"Wall circuit ~3.5 km (~1.1 km across) real, at 1:3"
norwich,450,"Largest walled area in England (~1.4 km across) real, at 1:3; much open ground inside"
lincoln,260,"Upper and lower city ~0.8 km real, at 1:3"
salisbury,240,"Planned grid of chequers ~0.7 km real, at 1:3"
canterbury,260,"Walled city ~0.8 km real, at 1:3"
gloucester,230,"~0.7 km real, at 1:3"
winchester,220,"Walled city ~0.65 km real, at 1:3"
chester,240,"Walled city ~0.7 km real, at 1:3"
worcester,190,"~0.6 km real, at 1:3"
hereford,190,"Walled city ~0.6 km real, at 1:3"
durham,160,"Peninsula in the Wear loop ~0.5 km real, at 1:3"
carlisle,180,"Walled city ~0.55 km real, at 1:3"
chichester,200,"Walled city ~0.6 km real, at 1:3"
lichfield,140,"Small cathedral city ~0.4 km real, at 1:3"
wells,130,"Small cathedral city ~0.4 km real, at 1:3"
st_albans,150,"Abbey town ~0.45 km real, at 1:3"
middleham,100,"Small market town under its castle ~0.3 km real, at 1:3"
tower_london,330,"Real footprint (castles are built at real size): inner and outer wards with the moat"
windsor,580,"Real footprint: the long castle on its ridge, both wards"
c_dover_castle,420,"Real footprint: the great fortress on the cliffs"
kenilworth,300,"Real footprint: the castle (the great mere around it not counted)"
warwick_castle,220,"Real footprint"
pontefract_castle,250,"Real footprint"
middleham_castle,100,"Real footprint: keep and curtain wall"
alnwick,250,"Real footprint: two baileys"
bamburgh,400,"Real footprint: the whole rock"
nottingham_castle,250,"Real footprint: the rock and its baileys"
raby,130,"Real footprint"
c_bristol_castle,330,"Real footprint: one of the largest royal castles"
carlisle_castle,170,"Real footprint"
ludlow_castle,200,"Real footprint: inner and outer bailey"
c_framlingham_castle,110,"Real footprint"
c_scarborough_castle,450,"Real footprint: the curtain wall across the headland"
old_st_pauls,180,"Length of the church (real size)"
winchester_cathedral,170,"Length of the church"
ely_cathedral,164,"Length of the church"
york_minster,158,"Length of the church"
canterbury_cathedral,157,"Length of the church"
lincoln_cathedral,147,"Length of the church"
durham_cathedral,143,"Length of the church"
norwich_cathedral,140,"Length of the church"
salisbury_cathedral,135,"Length of the church"
worcester_cathedral,130,"Length of the church"
coventry_cathedral,130,"Length of the church (approximate)"
wells_cathedral,126,"Length of the church"
chichester_cathedral,124,"Length of the church"
lichfield_cathedral,113,"Length of the church"
hereford_cathedral,104,"Length of the church"
beverley_minster,101,"Length of the church"
bath_cathedral,100,"Length of the Norman cathedral church (approximate)"
carlisle_cathedral,100,"Length of the church before the 1640s losses (approximate)"
rochester_cathedral,99,"Length of the church"
westminster_abbey,160,"Length of the church"
st_albans_abbey,167,"Length of the church"
bury,154,"Length of the church"
glastonbury,170,"Length of the church with the Lady Chapel"
gloucester_abbey,130,"Length of the church"
fountains,110,"Length of the church"
rievaulx,105,"Length of the church"
kings_lynn,180,"Big town (Hanse port) ~0.55 km real, at 1:3"
colchester,180,"Walled town ~0.55 km real, at 1:3"
beverley,170,"Big cloth town ~0.5 km real, at 1:3"
cambridge,160,"Town and colleges ~0.5 km real, at 1:3"
shrewsbury,170,"Town in the Severn loop ~0.5 km real, at 1:3"
ipswich,160,"Port town ~0.5 km real, at 1:3"
yarmouth,160,"Walled port ~0.5 km real, at 1:3"
reading,150,"Abbey town ~0.45 km real, at 1:3"
