Id,Name,Type,Lat,Lon,Importance,Note,Wiki
london,London,City,51.513,-0.092,3,Capital; ~50000 people; walled city,
westminster,Westminster,Town,51.4995,-0.127,3,Palace of Westminster and the Abbey; seat of king and Parliament,
tower_london,Tower of London,Castle,51.508,-0.076,3,Royal fortress and prison,
york,York,City,53.959,-1.081,3,Second city of England; walled; Minster; Richard of York's title,
bristol,Bristol,City,51.454,-2.587,3,Great port; trade with Gascony and Ireland,
norwich,Norwich,City,52.630,1.297,2,Wool and cloth; walled,
coventry,Coventry,City,52.408,-1.510,2,Lancastrian court was often here (Queen Margaret),
lincoln,Lincoln,City,53.234,-0.538,2,Cathedral and castle on the hill,
salisbury,Salisbury,City,51.069,-1.795,2,Cathedral city; Earl of Salisbury's title,
winchester,Winchester,City,51.063,-1.308,2,Old royal city; cathedral,
southampton,Southampton,Town,50.904,-1.404,2,Port; Italian galleys,
exeter,Exeter,City,50.726,-3.527,2,Courtenay heartland (Earls of Devon),
gloucester,Gloucester,City,51.864,-2.244,2,Crossing of the Severn,
worcester,Worcester,City,52.192,-2.220,1,Cathedral city on the Severn,
hereford,Hereford,City,52.056,-2.716,1,Welsh March,
leicester,Leicester,Town,52.636,-1.133,2,Lancastrian (Duchy of Lancaster) town,
northampton,Northampton,Town,52.237,-0.897,2,Battle of Northampton 1460,
nottingham,Nottingham,Town,52.954,-1.150,2,Royal castle,
oxford,Oxford,Town,51.752,-1.258,2,University,
cambridge,Cambridge,Town,52.205,0.119,1,University,
canterbury,Canterbury,City,51.280,1.080,2,Pilgrims; Becket's shrine,
newcastle,Newcastle upon Tyne,Town,54.970,-1.614,2,Coal and the Scottish border road,
durham,Durham,City,54.776,-1.576,2,Prince-bishop's city; cathedral and castle,
carlisle,Carlisle,City,54.892,-2.934,2,Western border fortress city,
chester,Chester,City,53.191,-2.892,2,Walled; the Welsh road,
shrewsbury,Shrewsbury,Town,52.707,-2.754,1,Welsh March wool town,
hull,Kingston upon Hull,Town,53.744,-0.332,2,North Sea port,
beverley,Beverley,Town,53.842,-0.426,1,Minster; cloth,
kings_lynn,King's Lynn,Town,52.754,0.398,1,Hanse port,
ipswich,Ipswich,Town,52.059,1.155,1,Port,
colchester,Colchester,Town,51.889,0.901,1,Cloth,
sandwich,Sandwich,Town,51.275,1.339,2,Cinque port; ships for Calais,
dover,Dover,Town,51.126,1.313,2,Castle and crossing to Calais,
plymouth,Plymouth,Town,50.371,-4.143,1,Port,
bath,Bath,Town,51.381,-2.359,1,Abbey; cloth,
ludlow,Ludlow,Town,52.367,-2.718,2,York's Welsh March stronghold,
st_albans,St Albans,Town,51.752,-0.339,3,First battle of the war (22 May 1455); great abbey,
wakefield,Wakefield,Town,53.683,-1.497,2,Near Sandal Castle,
pontefract,Pontefract,Town,53.691,-1.312,2,Great Lancastrian castle,
doncaster,Doncaster,Town,53.523,-1.133,1,Great North Road,
tadcaster,Tadcaster,Town,53.884,-1.262,1,Great North Road; near Towton,
ripon,Ripon,Town,54.138,-1.524,1,Minster,
richmond,Richmond,Town,54.403,-1.737,1,Castle town in Swaledale,
middleham,Middleham,Town,54.285,-1.807,3,Seat of the Nevilles (Salisbury); Wensleydale,
skipton,Skipton,Town,53.962,-2.017,1,Clifford castle town,
tewkesbury,Tewkesbury,Town,51.993,-2.160,1,Abbey; battle 1471,
barnet,Barnet,Town,51.653,-0.200,1,Battle 1471,
stamford,Stamford,Town,52.652,-0.480,1,Great North Road,
newark,Newark,Town,53.076,-0.809,1,Trent crossing,
grantham,Grantham,Town,52.912,-0.642,1,Great North Road,
huntingdon,Huntingdon,Town,52.331,-0.183,1,Great North Road,
ware,Ware,Town,51.811,-0.028,1,Great North Road,
lancaster,Lancaster,Town,54.047,-2.801,1,Duchy of Lancaster; castle,
kendal,Kendal,Town,54.328,-2.746,1,Wool,
berwick,Berwick-upon-Tweed,Town,55.771,-2.005,2,English border fortress (handed to Scotland 1461),
scarborough,Scarborough,Town,54.283,-0.400,1,Castle and port,
whitby,Whitby,Town,54.486,-0.615,1,Abbey and port,
warwick,Warwick,Town,52.282,-1.585,2,Earl of Warwick's castle town,
stafford,Stafford,Town,52.806,-2.117,1,Stafford family,
derby,Derby,Town,52.922,-1.477,1,,
windsor,Windsor Castle,Castle,51.484,-0.604,3,Royal castle; Henry VI's birthplace,
middleham_castle,Middleham Castle,Castle,54.284,-1.806,3,Neville stronghold,
sandal,Sandal Castle,Castle,53.664,-1.492,2,York's Yorkshire castle,
pontefract_castle,Pontefract Castle,Castle,53.694,-1.305,2,Duchy of Lancaster,
sheriff_hutton,Sheriff Hutton,Castle,54.089,-1.004,2,Neville castle,
warwick_castle,Warwick Castle,Castle,52.279,-1.585,2,Earl of Warwick,
kenilworth,Kenilworth Castle,Castle,52.348,-1.591,2,Lancastrian royal castle,
ludlow_castle,Ludlow Castle,Castle,52.367,-2.723,2,Duke of York,
raby,Raby Castle,Castle,54.591,-1.800,2,Neville (Westmorland branch),
alnwick,Alnwick Castle,Castle,55.416,-1.706,2,Percy (Earl of Northumberland),
warkworth,Warkworth Castle,Castle,55.345,-1.611,1,Percy,
bamburgh,Bamburgh Castle,Castle,55.609,-1.710,2,Besieged with cannon 1464,
dunstanburgh,Dunstanburgh Castle,Castle,55.489,-1.595,1,Lancastrian coast castle,
skipton_castle,Skipton Castle,Castle,53.963,-2.018,1,Clifford,
bolton_castle,Bolton Castle,Castle,54.322,-1.955,1,Scrope of Bolton,
fotheringhay,Fotheringhay Castle,Castle,52.525,-0.439,2,York family seat,
tattershall,Tattershall Castle,Castle,53.100,-0.193,1,Brick tower of Lord Cromwell,
wressle,Wressle Castle,Castle,53.773,-0.927,1,Percy,
spofforth,Spofforth Castle,Castle,53.955,-1.450,1,Percy,
nottingham_castle,Nottingham Castle,Castle,52.950,-1.154,1,Royal,
carlisle_castle,Carlisle Castle,Castle,54.897,-2.941,1,West March,
westminster_abbey,Westminster Abbey,Abbey,51.499,-0.128,2,Coronations,
st_albans_abbey,St Albans Abbey,Abbey,51.750,-0.342,2,Richest abbey in England,
fountains,Fountains Abbey,Abbey,54.109,-1.581,2,Cistercian; sheep and wool,
rievaulx,Rievaulx Abbey,Abbey,54.257,-1.117,1,Cistercian,
jervaulx,Jervaulx Abbey,Abbey,54.268,-1.738,1,Cistercian; near Middleham,
bolton_priory,Bolton Priory,Abbey,53.9825,-1.8872,1,Wharfedale,
glastonbury,Glastonbury Abbey,Abbey,51.146,-2.715,1,,
bury,St Edmund's Abbey,Abbey,52.244,0.717,1,Great Benedictine abbey; Parliament met at Bury in 1447,
bury_st_edmunds,Bury St Edmunds,Town,52.2463,0.7111,2,Great abbey town; Parliament of 1447 (Duke Humphrey's arrest),Bury St Edmunds
walsingham,Walsingham Priory,Abbey,52.893,0.875,1,Pilgrim shrine of Our Lady,
battle_st_albans_1455,First Battle of St Albans (1455),Battle,51.752,-0.339,3,"Battle, 22 May 1455: the start of the war",
battle_blore_heath,Blore Heath (1459),Battle,52.9136,-2.4247,1,,
battle_ludford,Ludford Bridge (1459),Battle,52.362,-2.717,1,,
battle_northampton,Northampton (1460),Battle,52.221,-0.889,2,,
battle_wakefield,Wakefield (1460),Battle,53.6800,-1.4922,2,Duke of York killed,
battle_mortimers_cross,Mortimer's Cross (1461),Battle,52.2590,-2.8380,1,,
battle_st_albans_1461,Second Battle of St Albans (1461),Battle,51.7550,-0.3360,1,,
battle_ferrybridge,Ferrybridge (1461),Battle,53.712,-1.269,1,,
battle_towton,Towton (1461),Battle,53.838,-1.270,3,Largest battle ever fought on English soil,
battle_hedgeley_moor,Hedgeley Moor (1464),Battle,55.4710,-1.9240,1,,
battle_hexham,Hexham (1464),Battle,54.9700,-2.1000,1,,
battle_edgecote,Edgecote (1469),Battle,52.1144,-1.2472,1,,
battle_losecote,Losecote Field (1470),Battle,52.6861,-0.5361,1,,
battle_barnet,Barnet (1471),Battle,51.668,-0.201,2,,
battle_tewkesbury,Tewkesbury (1471),Battle,51.983,-2.163,2,,
battle_bosworth,Bosworth (1485),Battle,52.5911,-1.4103,3,,
battle_stoke,Stoke Field (1487),Battle,53.0350,-0.8880,1,,
towton,Towton,Village,53.845,-1.266,1,,
saxton,Saxton,Village,53.826,-1.287,1,Towton dead buried here,
coverham,Coverham,Village,54.271,-1.842,1,Abbey village near Middleham,
wensley,Wensley,Village,54.302,-1.860,1,Market village in Wensleydale,
masham,Masham,Village,54.223,-1.656,1,,
leyburn,Leyburn,Village,54.310,-1.828,1,,
old_st_pauls,Old St Paul's Cathedral,Cathedral,51.5138,-0.0984,3,Tallest spire in England,Old St Paul's Cathedral
york_minster,York Minster,Cathedral,53.9623,-1.0819,3,Seat of the Archbishop of York,York Minster
lincoln_cathedral,Lincoln Cathedral,Cathedral,53.2344,-0.5361,3,Tallest building in the world since 1311,Lincoln Cathedral
salisbury_cathedral,Salisbury Cathedral,Cathedral,51.0650,-1.7975,2,Great spire,Salisbury Cathedral
canterbury_cathedral,Canterbury Cathedral,Cathedral,51.2798,1.0828,3,Becket's shrine; the great pilgrimage,Canterbury Cathedral
durham_cathedral,Durham Cathedral,Cathedral,54.7735,-1.5763,2,St Cuthbert's shrine,Durham Cathedral
wells_cathedral,Wells Cathedral,Cathedral,51.2104,-2.6434,1,,Wells Cathedral
ely_cathedral,Ely Cathedral,Cathedral,52.3986,0.2638,2,The ship of the Fens,Ely Cathedral
winchester_cathedral,Winchester Cathedral,Cathedral,51.0606,-1.3131,1,,Winchester Cathedral
beverley_minster,Beverley Minster,Cathedral,53.8394,-0.4247,1,"Minster: a great collegiate church, not a cathedral",Beverley Minster
gloucester_abbey,Gloucester Abbey,Abbey,51.8675,-2.2466,1,Benedictine abbey (a cathedral only from 1541); Edward II's tomb,Gloucester Cathedral
exeter_cathedral,Exeter Cathedral,Cathedral,50.7226,-3.5297,1,,Exeter Cathedral
worcester_cathedral,Worcester Cathedral,Cathedral,52.1889,-2.2209,1,,Worcester Cathedral
norwich_cathedral,Norwich Cathedral,Cathedral,52.6320,1.3007,1,,Norwich Cathedral
lichfield_cathedral,Lichfield Cathedral,Cathedral,52.6856,-1.8305,1,,Lichfield Cathedral
stonehenge,Stonehenge,Landmark,51.1789,-1.8262,3,Already ancient in 1455; said to be Merlin's work,Stonehenge
avebury,Avebury,Landmark,51.4286,-1.8544,2,"Great stone circle, with Silbury Hill and the avenues beside it",Avebury
silbury_hill,Silbury Hill,Landmark,51.4156,-1.8575,1,,Silbury Hill
uffington_horse,Uffington White Horse,Landmark,51.5775,-1.5669,2,"Chalk horse on the downs, with Wayland's Smithy on the Ridgeway beside it",Uffington White Horse
hadrians_wall,Hadrian's Wall,Landmark,55.0167,-2.2833,3,The old Roman wall,Housesteads Roman Fort
old_sarum,Old Sarum,Landmark,51.0932,-1.8046,1,Abandoned old town above Salisbury,Old Sarum
glastonbury_tor,Glastonbury Tor,Landmark,51.1444,-2.6989,2,Isle of Avalon,Glastonbury Tor
maiden_castle,Maiden Castle,Landmark,50.6944,-2.4686,1,Ancient hillfort,"Maiden Castle, Dorset"
castlerigg,Castlerigg Stone Circle,Landmark,54.6027,-3.0986,1,,Castlerigg stone circle
rollright,Rollright Stones,Landmark,51.9753,-1.5703,1,,Rollright Stones
waylands_smithy,Wayland's Smithy,Landmark,51.5667,-1.5958,1,,Wayland's Smithy
london_bridge,London Bridge,Landmark,51.5079,-0.0877,3,The only bridge over the Thames in London; houses on it,London Bridge
tintagel,Tintagel Castle,Castle,50.6680,-4.7590,2,King Arthur's legend; in ruins,Tintagel Castle
st_michaels_mount,St Michael's Mount,Landmark,50.1166,-5.4777,2,Priory on a tidal island,St Michael's Mount
lindisfarne,Lindisfarne Priory,Abbey,55.6800,-1.8025,2,Holy Island,Lindisfarne Priory
scafell_pike,Scafell Pike,Nature,54.4542,-3.2115,2,Highest mountain in England,Scafell Pike
helvellyn,Helvellyn,Nature,54.5270,-3.0167,1,,Helvellyn
skiddaw,Skiddaw,Nature,54.6510,-3.1478,1,,Skiddaw
windermere,Windermere,Nature,54.3639,-2.9388,2,Largest lake in England,Windermere
ullswater,Ullswater,Nature,54.5775,-2.8750,1,,Ullswater
malham_cove,Malham Cove,Nature,54.0720,-2.1580,1,,Malham Cove
ingleborough,Ingleborough,Nature,54.1660,-2.3980,1,,Ingleborough
pen_y_ghent,Pen-y-ghent,Nature,54.1560,-2.2490,1,,Pen-y-ghent
high_force,High Force,Nature,54.6500,-2.1860,1,Waterfall on the Tees,High Force
cheddar_gorge,Cheddar Gorge,Nature,51.2830,-2.7640,1,,Cheddar Gorge
white_cliffs,White Cliffs of Dover,Nature,51.1078,1.2786,2,,White Cliffs of Dover
beachy_head,Beachy Head,Nature,50.7340,0.2410,1,,Beachy Head
lands_end,Land's End,Nature,50.0660,-5.7140,2,End of England,Land's End
lizard_point,Lizard Point,Nature,49.9580,-5.2070,1,Southernmost point,"Lizard Point, Cornwall"
flamborough,Flamborough Head,Nature,54.1160,-0.0770,1,,Flamborough Head
spurn,Spurn Head,Nature,53.5790,0.1100,1,Mouth of the Humber,Spurn
kinder_scout,Kinder Scout,Nature,53.3840,-1.8740,1,,Kinder Scout
mam_tor,Mam Tor,Nature,53.3490,-1.8100,1,The shivering mountain,Mam Tor
peak_cavern,Peak Cavern,Nature,53.3410,-1.7790,1,The Devil's Arse cave,Peak Cavern
wookey_hole,Wookey Hole Caves,Nature,51.2280,-2.6710,1,,Wookey Hole Caves
roseberry,Roseberry Topping,Nature,54.5060,-1.1070,1,,Roseberry Topping
the_needles,The Needles,Nature,50.6620,-1.5920,1,,The Needles
durdle_door,Durdle Door,Nature,50.6214,-2.2766,1,,Durdle Door
dartmoor,Dartmoor,Area,50.5700,-3.9200,2,,Dartmoor
exmoor,Exmoor,Area,51.1500,-3.6500,1,,Exmoor
bodmin_moor,Bodmin Moor,Area,50.5700,-4.6000,1,,Bodmin Moor
salisbury_plain,Salisbury Plain,Area,51.2400,-1.8600,1,,Salisbury Plain
cotswolds,Cotswolds,Area,51.8300,-1.8300,2,,Cotswolds
chilterns,Chiltern Hills,Area,51.7000,-0.8000,1,,Chiltern Hills
north_downs,North Downs,Area,51.2500,0.2000,1,,North Downs
south_downs,South Downs,Area,50.9300,-0.6000,1,,South Downs
weald,The Weald,Area,51.0500,0.3500,1,,Weald
new_forest,New Forest,Area,50.8700,-1.6000,2,Royal hunting forest,New Forest
forest_of_dean,Forest of Dean,Area,51.7900,-2.5500,1,Royal forest; iron,Forest of Dean
sherwood,Sherwood Forest,Area,53.2000,-1.0700,2,Robin Hood's forest,Sherwood Forest
arden,Forest of Arden,Area,52.3300,-1.7500,1,,Forest of Arden
peak,The Peak,Area,53.3500,-1.8000,2,,Peak District
pennines,Pennines,Area,54.7500,-2.3500,3,The backbone of England,Pennines
yorkshire_dales,Yorkshire Dales,Area,54.2500,-2.0500,2,,Yorkshire Dales
north_york_moors,North York Moors,Area,54.3900,-0.9000,2,,North York Moors
lake_district,The Lakes,Area,54.4500,-3.0900,2,,Lake District
cheviots,Cheviot Hills,Area,55.4200,-2.2000,1,,Cheviot Hills
fens,The Fens,Area,52.5500,0.0500,2,Undrained marsh and meres,The Fens
broads,The Broads,Area,52.6800,1.5500,1,,The Broads
romney_marsh,Romney Marsh,Area,51.0200,0.9000,1,,Romney Marsh
somerset_levels,Somerset Levels,Area,51.1300,-2.8000,1,Marsh around the Isle of Avalon,Somerset Levels
vale_of_york,Vale of York,Area,53.9000,-1.3000,1,,Vale of York
isle_of_wight,Isle of Wight,Area,50.6800,-1.3000,1,,Isle of Wight
reading,Reading,Town,51.4543,-0.9781,1,Great abbey,"Reading, Berkshire"
abingdon,Abingdon,Town,51.6708,-1.2830,1,,Abingdon-on-Thames
banbury,Banbury,Town,52.0629,-1.3398,1,,Banbury
bedford,Bedford,Town,52.1360,-0.4667,1,,Bedford
dunstable,Dunstable,Town,51.8860,-0.5210,1,Watling Street,Dunstable
hertford,Hertford,Town,51.7959,-0.0781,1,,Hertford
guildford,Guildford,Town,51.2362,-0.5704,1,,Guildford
kingston,Kingston upon Thames,Town,51.4123,-0.3007,1,,Kingston upon Thames
maidstone,Maidstone,Town,51.2720,0.5290,1,,Maidstone
rochester,Rochester,Town,51.3880,0.5070,1,Castle and cathedral on the Medway,"Rochester, Kent"
chichester,Chichester,City,50.8376,-0.7749,1,,Chichester
lewes,Lewes,Town,50.8740,0.0090,1,,Lewes
rye,Rye,Town,50.9500,0.7330,1,Cinque port,"Rye, East Sussex"
hastings,Hastings,Town,50.8543,0.5735,1,Cinque port,Hastings
arundel,Arundel,Town,50.8540,-0.5550,1,,Arundel
portsmouth,Portsmouth,Town,50.8058,-1.0872,1,,Portsmouth
poole,Poole,Town,50.7150,-1.9870,1,,Poole
dorchester,Dorchester,Town,50.7154,-2.4367,1,,"Dorchester, Dorset"
wells,Wells,City,51.2090,-2.6470,1,,"Wells, Somerset"
taunton,Taunton,Town,51.0150,-3.1030,1,,Taunton
bridgwater,Bridgwater,Town,51.1280,-3.0030,1,,Bridgwater
barnstaple,Barnstaple,Town,51.0800,-4.0600,1,,Barnstaple
bodmin,Bodmin,Town,50.4700,-4.7200,1,,Bodmin
truro,Truro,Town,50.2630,-5.0510,1,,Truro
launceston,Launceston,Town,50.6370,-4.3600,1,,"Launceston, Cornwall"
dartmouth,Dartmouth,Town,50.3510,-3.5790,1,Port,"Dartmouth, Devon"
marlborough,Marlborough,Town,51.4200,-1.7300,1,,"Marlborough, Wiltshire"
devizes,Devizes,Town,51.3500,-1.9940,1,,Devizes
cirencester,Cirencester,Town,51.7190,-1.9680,1,Wool,Cirencester
evesham,Evesham,Town,52.0920,-1.9470,1,,Evesham
stratford,Stratford-upon-Avon,Town,52.1917,-1.7083,1,,Stratford-upon-Avon
lichfield,Lichfield,City,52.6818,-1.8278,1,,Lichfield
tamworth,Tamworth,Town,52.6330,-1.6950,1,,"Tamworth, Staffordshire"
burton,Burton upon Trent,Town,52.8020,-1.6290,1,Abbey,Burton upon Trent
manchester,Manchester,Town,53.4808,-2.2426,1,Small market town,Manchester
preston,Preston,Town,53.7632,-2.7031,1,,"Preston, Lancashire"
liverpool,Liverpool,Town,53.4084,-2.9916,1,Small port,Liverpool
halifax,Halifax,Town,53.7210,-1.8600,1,Cloth,"Halifax, West Yorkshire"
leeds,Leeds,Town,53.7997,-1.5492,1,Small cloth town,Leeds
sheffield,Sheffield,Town,53.3811,-1.4701,1,Cutlers,Sheffield
selby,Selby,Town,53.7840,-1.0670,1,Abbey,Selby
thirsk,Thirsk,Town,54.2330,-1.3430,1,,Thirsk
northallerton,Northallerton,Town,54.3390,-1.4340,1,Great North Road,Northallerton
knaresborough,Knaresborough,Town,54.0090,-1.4670,1,Castle,Knaresborough
malton,Malton,Town,54.1360,-0.7970,1,,"Malton, North Yorkshire"
pickering,Pickering,Town,54.2460,-0.7760,1,Castle,"Pickering, North Yorkshire"
hexham,Hexham,Town,54.9719,-2.1011,1,Abbey,Hexham
morpeth,Morpeth,Town,55.1680,-1.6880,1,,"Morpeth, Northumberland"
appleby,Appleby,Town,54.5780,-2.4890,1,,Appleby-in-Westmorland
penrith,Penrith,Town,54.6640,-2.7520,1,,"Penrith, Cumbria"
darlington,Darlington,Town,54.5230,-1.5520,1,,Darlington
hartlepool,Hartlepool,Town,54.6900,-1.2100,1,Port,Hartlepool
barnard_castle,Barnard Castle,Town,54.5440,-1.9230,1,Castle town,Barnard Castle
grimsby,Grimsby,Town,53.5670,-0.0800,1,Port,Grimsby
louth,Louth,Town,53.3670,-0.0060,1,,"Louth, Lincolnshire"
gainsborough,Gainsborough,Town,53.4000,-0.7750,1,,"Gainsborough, Lincolnshire"
peterborough,Peterborough,Town,52.5720,-0.2430,1,Abbey,Peterborough
ely,Ely,Town,52.3990,0.2620,1,Isle of Ely,"Ely, Cambridgeshire"
thetford,Thetford,Town,52.4130,0.7490,1,,Thetford
yarmouth,Great Yarmouth,Town,52.6080,1.7300,1,Herring port,Great Yarmouth
sudbury,Sudbury,Town,52.0380,0.7310,1,Cloth,"Sudbury, Suffolk"
lavenham,Lavenham,Town,52.1090,0.7970,1,Rich wool town,Lavenham
chelmsford,Chelmsford,Town,51.7300,0.4800,1,,Chelmsford
boston_town,Boston,Town,52.9780,-0.0260,2,Great wool port,"Boston, Lincolnshire"
aysgarth,Aysgarth,Village,54.2920,-1.9980,1,Wensleydale; waterfalls,Aysgarth
askrigg,Askrigg,Village,54.3140,-2.0770,1,Wensleydale,Askrigg
bainbridge,Bainbridge,Village,54.3100,-2.1030,1,Wensleydale; forest village,"Bainbridge, North Yorkshire"
redmire,Redmire,Village,54.3160,-1.9270,1,Wensleydale,Redmire
carperby,Carperby,Village,54.3050,-1.9920,1,Wensleydale,Carperby
west_witton,West Witton,Village,54.2940,-1.9110,1,Wensleydale,West Witton
east_witton,East Witton,Village,54.2640,-1.7830,1,Near Jervaulx,East Witton
spennithorne,Spennithorne,Village,54.2950,-1.7860,1,Wensleydale,Spennithorne
bellerby,Bellerby,Village,54.3290,-1.8350,1,Near Middleham,Bellerby
constable_burton,Constable Burton,Village,54.3190,-1.7470,1,Wensleydale,Constable Burton
castle_bolton,Castle Bolton,Village,54.3220,-1.9530,1,Under Bolton Castle,Castle Bolton
sherburn,Sherburn in Elmet,Village,53.7961,-1.2483,1,Near Towton,Sherburn in Elmet
stutton,Stutton,Village,53.8710,-1.2830,1,Near Towton,"Stutton, North Yorkshire"
redbourn,Redbourn,Village,51.7980,-0.3920,1,Near St Albans,Redbourn
wheathampstead,Wheathampstead,Village,51.8140,-0.2930,1,Near St Albans,Wheathampstead
london_colney,London Colney,Village,51.7260,-0.3000,1,Near St Albans,London Colney
sandal_magna,Sandal Magna,Village,53.6630,-1.4870,1,Under Sandal Castle,Sandal Magna
fotheringhay_village,Fotheringhay,Village,52.5270,-0.4380,1,,Fotheringhay
rh_tupholme_abbey,Tupholme Abbey,Abbey,53.1990,-0.2880,1,abbey; dissolved 1536 (Wikidata),
rh_evesham_abbey,Evesham Abbey,Abbey,52.0913,-1.9468,1,abbey; dissolved 1539 (Wikidata),
rh_darley_abbey_remains_of,Darley Abbey (remains of),Abbey,52.9419,-1.4768,1,abbey; dissolved 1538 (Wikidata),
rh_boxley_abbey,Boxley Abbey,Abbey,51.3002,0.5248,1,abbey; dissolved 1538 (Wikidata),
rh_coggeshall_abbey,Coggeshall Abbey,Abbey,51.8683,0.6928,1,abbey; dissolved 1538 (Wikidata),
rh_wardon_abbey,Wardon Abbey,Abbey,52.0817,-0.3661,1,abbey; dissolved 1537 (Wikidata),
rh_croxden_abbey,Croxden Abbey,Abbey,52.9544,-1.9036,1,abbey; dissolved 1538 (Wikidata),
rh_medmenham_abbey,Medmenham Abbey,Abbey,51.5519,-0.8239,1,abbey; dissolved 1536 (Wikidata),
rh_humberston_abbey,Humberston Abbey,Abbey,53.5274,-0.0242,1,abbey; dissolved 1536 (Wikidata),
rh_alcester_abbey,Alcester Abbey,Abbey,52.2190,-1.8729,1,abbey; dissolved 1536 (Wikidata),
rh_monkwearmouth_jarrow_abbey,Monkwearmouth-Jarrow Abbey,Abbey,54.9804,-1.4722,1,abbey; dissolved 1536 (Wikidata),
rh_abingdon_abbey,Abingdon Abbey,Abbey,51.6706,-1.2753,1,abbey; dissolved 1538 (Wikidata),
rh_blanchland_abbey,Blanchland Abbey,Abbey,54.8483,-2.0539,1,abbey; dissolved 1539 (Wikidata),
rh_hailes_abbey,Hailes Abbey,Abbey,51.9683,-1.9281,1,abbey; dissolved 1539 (Wikidata),
rh_rufford_abbey,Rufford Abbey,Abbey,53.1753,-1.0356,1,abbey; dissolved 1536 (Wikidata),
rh_bordesley_abbey,Bordesley Abbey,Abbey,52.3166,-1.9302,1,abbey; dissolved 1538 (Wikidata),
rh_garendon_abbey,Garendon Abbey,Abbey,52.7743,-1.2585,1,abbey; dissolved 1536 (Wikidata),
rh_merevale_abbey,Merevale Abbey,Abbey,52.5771,-1.5701,1,abbey; dissolved 1538 (Wikidata),
rh_eynsham_abbey,Eynsham Abbey,Abbey,51.7786,-1.3739,1,abbey; dissolved 1538 (Wikidata),
rh_sibton_abbey,Sibton Abbey,Abbey,52.2754,1.4653,1,abbey; dissolved 1536 (Wikidata),
rh_st_john_s_abbey,St. John's Abbey,Abbey,51.8855,0.9013,1,abbey; dissolved 1539 (Wikidata),
rh_west_dereham_abbey,West Dereham Abbey,Abbey,52.5781,0.4503,1,abbey; dissolved 1539 (Wikidata),
rh_hagnaby_abbey,Hagnaby Abbey,Abbey,53.3020,0.2259,1,abbey; dissolved 1536 (Wikidata),
rh_langley_abbey,Langley Abbey,Abbey,52.5721,1.4854,1,abbey; dissolved 1536 (Wikidata),
rh_bourne_abbey,Bourne Abbey,Abbey,52.7663,-0.3756,1,abbey; dissolved 1536 (Wikidata),
rh_thornton_abbey,Thornton Abbey,Abbey,53.6554,-0.3107,1,abbey; dissolved 1539 (Wikidata),
rh_northampton_abbey,Northampton Abbey,Abbey,52.2400,-0.9000,1,abbey; dissolved 1538 (Wikidata),
rh_croxton_abbey,Croxton Abbey,Abbey,52.8516,-0.7578,1,abbey; dissolved 1538 (Wikidata),
rh_tilty_abbey,Tilty Abbey,Abbey,51.9155,0.3253,1,abbey; dissolved 1536 (Wikidata),
rh_furness_abbey,Furness Abbey,Abbey,54.1365,-3.1979,1,abbey; dissolved 1537 (Wikidata),
rh_rewley_abbey,Rewley Abbey,Abbey,51.7543,-1.2682,1,abbey; dissolved 1539 (Wikidata),
rh_beauchief_abbey,Beauchief Abbey,Abbey,53.3326,-1.4999,1,abbey; dissolved 1537 (Wikidata),
rh_easby_abbey,Easby Abbey,Abbey,54.3978,-1.7167,1,abbey; dissolved 1537 (Wikidata),
rh_vaudey_abbey,Vaudey Abbey,Abbey,52.7822,-0.4644,1,abbey; dissolved 1536 (Wikidata),
rh_whitby_abbey,Whitby Abbey,Abbey,54.4880,-0.6075,1,abbey; dissolved 1538 (Wikidata),
rh_denny_abbey,Denny Abbey,Abbey,52.2936,0.1865,1,abbey; dissolved 1536 (Wikidata),
rh_thorney_abbey,Thorney Abbey,Abbey,52.6204,-0.1072,1,abbey; dissolved 1539 (Wikidata),
rh_kirkstead_abbey,Kirkstead Abbey,Abbey,53.1388,-0.2246,1,abbey; dissolved 1537 (Wikidata),
rh_lavendon_abbey,Lavendon Abbey,Abbey,52.1728,-0.6808,1,abbey; dissolved 1536 (Wikidata),
rh_langdon_abbey,Langdon Abbey,Abbey,51.1736,1.3303,1,abbey; dissolved 1535 (Wikidata),
rh_st_radegund_s_abbey_poulton,"St Radegund's Abbey, Poulton",Abbey,51.1315,1.2516,1,abbey; dissolved 1536 (Wikidata),
rh_whalley_abbey,Whalley Abbey,Abbey,53.8199,-2.4106,1,abbey; dissolved 1537 (Wikidata),
rh_holmcultram_abbey,Holmcultram Abbey,Abbey,54.8447,-3.2819,1,abbey; dissolved 1538 (Wikidata),
rh_kirkstall_abbey,Kirkstall Abbey,Abbey,53.8205,-1.6081,1,abbey; dissolved 1539 (Wikidata),
rh_coverham_abbey,Coverham Abbey,Abbey,54.2732,-1.8387,1,abbey; dissolved 1536 (Wikidata),
rh_burton_abbey,Burton Abbey,Abbey,52.8008,-1.6294,1,abbey; dissolved 1539 (Wikidata),
rh_biddlesden_abbey,Biddlesden Abbey,Abbey,52.0539,-1.0797,1,abbey; dissolved 1538 (Wikidata),
rh_revesby_abbey,Revesby Abbey,Abbey,53.1284,-0.0603,1,abbey; dissolved 1538 (Wikidata),
rh_sawtry_abbey,Sawtry Abbey,Abbey,52.4269,-0.2417,1,abbey; dissolved 1536 (Wikidata),
rh_dorchester_abbey,Dorchester Abbey,Abbey,51.6437,-1.1644,1,abbey; dissolved 1536 (Wikidata),
rh_alnwick_abbey,Alnwick Abbey,Abbey,55.4198,-1.7193,1,abbey; dissolved 1539 (Wikidata),
rh_waltham_abbey,Waltham Abbey,Abbey,51.6891,-0.0025,1,abbey; dissolved 1540 (Wikidata),
rh_dieulacres_abbey,Dieulacres Abbey,Abbey,53.1181,-2.0263,1,abbey; dissolved 1538 (Wikidata),
rh_dale_abbey,Dale Abbey,Abbey,52.9443,-1.3504,1,abbey; dissolved 1538 (Wikidata),
rh_pipewell_abbey,Pipewell Abbey,Abbey,52.4625,-0.7611,1,abbey; dissolved 1538 (Wikidata),
rh_rocester_abbey,Rocester Abbey,Abbey,52.9512,-1.8353,1,abbey; dissolved 1538 (Wikidata),
rh_hulton_abbey,Hulton Abbey,Abbey,53.0389,-2.1423,1,abbey; dissolved 1538 (Wikidata),
rh_louth_park_abbey,Louth Park Abbey,Abbey,53.3764,0.0349,1,abbey; dissolved 1536 (Wikidata),
rh_sawley_abbey,Sawley Abbey,Abbey,53.9134,-2.3394,1,abbey; dissolved 1536 (Wikidata),
rh_byland_abbey,Byland Abbey,Abbey,54.2017,-1.1584,1,abbey; dissolved 1537 (Wikidata),
rh_swineshead_abbey,Swineshead Abbey,Abbey,52.9493,-0.1418,1,abbey; dissolved 1536 (Wikidata),
rh_newminster_abbey,Newminster Abbey,Abbey,55.1664,-1.7044,1,abbey; dissolved 1537 (Wikidata),
rh_st_benet_s_abbey,St Benet's Abbey,Abbey,52.6861,1.5246,1,abbey; dissolved 1539 (Wikidata),
rh_thame_abbey,Thame Abbey,Abbey,51.7279,-0.9633,1,abbey; dissolved 1539 (Wikidata),
rh_bardney_abbey,Bardney Abbey,Abbey,53.2204,-0.3336,1,abbey; dissolved 1538 (Wikidata),
rh_st_mary_s_abbey_kenilworth,"St Mary's Abbey, Kenilworth",Abbey,52.3486,-1.5834,1,abbey; dissolved 1539 (Wikidata),
rh_meaux_abbey,Meaux Abbey,Abbey,53.8390,-0.3415,1,abbey; dissolved 1539 (Wikidata),
rh_bisham_abbey,Bisham Abbey,Abbey,51.5577,-0.7799,1,abbey; dissolved 1538 (Wikidata),
rh_roche_abbey,Roche Abbey,Abbey,53.4021,-1.1842,1,abbey; dissolved 1538 (Wikidata),
rh_wymondham_abbey,Wymondham Abbey,Abbey,52.5704,1.1074,1,abbey; dissolved 1538 (Wikidata),
rh_stratford_langthorne_abbey,Stratford Langthorne Abbey,Abbey,51.5333,0.0000,1,abbey; dissolved 1538 (Wikidata),
rh_leiston_abbey,Leiston Abbey,Abbey,52.2214,1.5776,1,abbey; dissolved 1537 (Wikidata),
rh_wendling_abbey,Wendling Abbey,Abbey,52.6780,0.8669,1,abbey; dissolved 1536 (Wikidata),
rh_godstow_abbey,Godstow Abbey,Abbey,51.7786,-1.2994,1,abbey; dissolved 1539 (Wikidata),
rh_robertsbridge_abbey,Robertsbridge Abbey,Abbey,50.9879,0.4992,1,abbey; dissolved 1538 (Wikidata),
rh_faversham_abbey,Faversham Abbey,Abbey,51.3167,0.8958,1,abbey; dissolved 1538 (Wikidata),
rh_shap_abbey,Shap Abbey,Abbey,54.5287,-2.6989,1,abbey; dissolved 1540 (Wikidata),
rh_newbo_abbey,Newbo Abbey,Abbey,52.9316,-0.7190,1,abbey; dissolved 1536 (Wikidata),
rh_cirencester_abbey,Cirencester Abbey,Abbey,51.7191,-1.9660,1,abbey; dissolved 1539 (Wikidata),
rh_calder_abbey,Calder Abbey,Abbey,54.4441,-3.4647,1,abbey; dissolved 1536 (Wikidata),
rh_halesowen_abbey,Halesowen Abbey,Abbey,52.4436,-2.0370,1,abbey; dissolved 1538 (Wikidata),
rh_stoneleigh_abbey,Stoneleigh Abbey,Abbey,52.3385,-1.5337,1,abbey; dissolved 1536 (Wikidata),
rh_egglestone_abbey,Egglestone Abbey,Abbey,54.5310,-1.9050,1,abbey; dissolved 1540 (Wikidata),
rh_missenden_abbey,Missenden Abbey,Abbey,51.7008,-0.7029,1,abbey; dissolved 1538 (Wikidata),
rh_ramsey_abbey,Ramsey Abbey,Abbey,52.4482,-0.1012,1,abbey; dissolved 1539 (Wikidata),
rh_crowland_abbey,Crowland Abbey,Abbey,52.6764,-0.1653,1,abbey; dissolved 1539 (Wikidata),
rh_chatteris_abbey,Chatteris Abbey,Abbey,52.4530,0.0489,1,abbey; dissolved 1538 (Wikidata),
rh_winchcombe_abbey,Winchcombe Abbey,Abbey,51.9535,-1.9679,1,abbey; dissolved 1539 (Wikidata),
rh_notley_abbey_an_augustinian_abbey_and_associated_post_dissolution_dovecote,Notley Abbey: an Augustinian abbey and associated post-Dissolution dovecote,Abbey,51.7765,-0.9651,1,abbey; dissolved 1539 (Wikidata),
rh_weybourne_priory,Weybourne Priory,Abbey,52.9431,1.1416,1,monastery ruins; dissolved 1536 (Wikidata),
rh_norman_s_burrow,Norman's Burrow,Abbey,52.7805,0.8008,1,benedictine abbey; dissolved 1537 (Wikidata),
rh_st_werburgh_s_abbey_chester,"St Werburgh's Abbey, Chester",Abbey,53.1917,-2.8903,1,abbey; dissolved 1540 (Wikidata),
rh_yedingham_priory,Yedingham Priory,Abbey,54.2059,-0.6282,1,benedictine abbey; dissolved 1539 (Wikidata),
rh_buildwas_abbey,Buildwas Abbey,Abbey,52.6353,-2.5312,1,abbey; dissolved 1536 (Wikidata),
rh_malmesbury_abbey,Malmesbury Abbey,Abbey,51.5847,-2.0984,1,abbey; dissolved 1539 (Wikidata),
rh_tewkesbury_abbey,Tewkesbury Abbey,Abbey,51.9903,-2.1604,1,abbey; dissolved 1539 (Wikidata),
rh_chertsey_abbey,Chertsey Abbey,Abbey,51.3935,-0.5002,1,benedictine abbey; dissolved 1537 (Wikidata),
rh_tavistock_abbey,Tavistock Abbey,Abbey,50.5492,-4.1445,1,abbey; dissolved 1539 (Wikidata),
rh_greyfriars_dunwich,"Greyfriars, Dunwich",Abbey,52.2756,1.6306,1,convent; dissolved 1538 (Wikidata),
rh_ranton_abbey,Ranton Abbey,Abbey,52.8159,-2.2416,1,abbey; dissolved 1537 (Wikidata),
rh_torre_abbey,Torre Abbey,Abbey,50.4628,-3.5397,1,abbey; dissolved 1539 (Wikidata),
rh_wigmore_abbey,Wigmore Abbey,Abbey,52.3351,-2.8650,1,abbey; dissolved 1538 (Wikidata),
rh_newenham_abbey,Newenham Abbey,Abbey,50.7715,-3.0120,1,abbey; dissolved 1539 (Wikidata),
rh_tarrant_abbey,Tarrant Abbey,Abbey,50.8314,-2.1223,1,abbey; dissolved 1539 (Wikidata),
rh_flaxley_abbey,Flaxley Abbey,Abbey,51.8361,-2.4519,1,abbey; dissolved 1536 (Wikidata),
rh_norton_priory_museum_and_gardens,Norton Priory Museum and Gardens,Abbey,53.3423,-2.6799,1,abbey; dissolved 1536 (Wikidata),
rh_st_olaves_priory,St Olaves Priory,Abbey,52.5382,1.6240,1,monastery ruins; dissolved 1537 (Wikidata),
rh_forde_abbey,Forde Abbey,Abbey,50.8422,-2.9109,1,abbey; dissolved 1539 (Wikidata),
rh_hatfield_peverel_priory,Hatfield Peverel Priory,Abbey,51.7687,0.6035,1,benedictine abbey; dissolved 1536 (Wikidata),
rh_bermondsey_abbey,Bermondsey Abbey,Abbey,51.4975,-0.0808,1,abbey; dissolved 1538 (Wikidata),
rh_dunkeswell_abbey,Dunkeswell Abbey,Abbey,50.8893,-3.2216,1,abbey; dissolved 1539 (Wikidata),
rh_canonsleigh_abbey,Canonsleigh Abbey,Abbey,50.9487,-3.3277,1,abbey; dissolved 1539 (Wikidata),
rh_titchfield_abbey,Titchfield Abbey,Abbey,50.8560,-1.2320,1,abbey; dissolved 1537 (Wikidata),
rh_cleeve_abbey,Cleeve Abbey,Abbey,51.1556,-3.3642,1,abbey; dissolved 1536 (Wikidata),
rh_shrewsbury_abbey,Shrewsbury Abbey,Abbey,52.7075,-2.7442,1,abbey; dissolved 1540 (Wikidata),
rh_athelney_abbey,Athelney Abbey,Abbey,51.0593,-2.9346,1,abbey; dissolved 1540 (Wikidata),
rh_kingswood_abbey,Kingswood Abbey,Abbey,51.6264,-2.3667,1,abbey; dissolved 1538 (Wikidata),
rh_keynsham_abbey,Keynsham Abbey,Abbey,51.4173,-2.4963,1,abbey; dissolved 1539 (Wikidata),
rh_vale_royal_abbey,Vale Royal Abbey,Abbey,53.2247,-2.5426,1,abbey; dissolved 1538 (Wikidata),
rh_beaulieu_abbey,Beaulieu Abbey,Abbey,50.8218,-1.4502,1,abbey; dissolved 1538 (Wikidata),
rh_bindon_abbey,Bindon Abbey,Abbey,50.6806,-2.2081,1,abbey; dissolved 1539 (Wikidata),
rh_burnham_abbey,Burnham Abbey,Abbey,51.5155,-0.6607,1,abbey; dissolved 1539 (Wikidata),
rh_church_preen,Church Preen,Abbey,52.5789,-2.6754,1,benedictine abbey; dissolved 1539 (Wikidata),
rh_lilleshall_abbey,Lilleshall Abbey,Abbey,52.7245,-2.3913,1,abbey; dissolved 1538 (Wikidata),
rh_abbotsbury_abbey,Abbotsbury Abbey,Abbey,50.6645,-2.5987,1,abbey; dissolved 1539 (Wikidata),
rh_bruton_abbey,Bruton Abbey,Abbey,51.1110,-2.4520,1,abbey; dissolved 1539 (Wikidata),
rh_marham_abbey,Marham Abbey,Abbey,52.6591,0.5228,1,monastery ruins; dissolved 1536 (Wikidata),
rh_cerne_abbey,Cerne Abbey,Abbey,50.8118,-2.4743,1,abbey; dissolved 1539 (Wikidata),
rh_buckfast_abbey,Buckfast Abbey,Abbey,50.4928,-3.7756,1,abbey; dissolved 1539 (Wikidata),
rh_hartland_abbey,Hartland Abbey,Abbey,50.9967,-4.5086,1,abbey; dissolved 1539 (Wikidata),
rh_buckland_abbey,Buckland Abbey,Abbey,50.4811,-4.1336,1,abbey; dissolved 1539 (Wikidata),
rh_dureford_abbey,Dureford Abbey,Abbey,51.0080,-0.8510,1,abbey; dissolved 1536 (Wikidata),
rh_waverley_abbey,Waverley Abbey,Abbey,51.2004,-0.7583,1,abbey; dissolved 1536 (Wikidata),
rh_shaftesbury_abbey,Shaftesbury Abbey,Abbey,51.0053,-2.1986,1,abbey; dissolved 1539 (Wikidata),
rh_dore_abbey,Dore Abbey,Abbey,51.9678,-2.8937,1,abbey; dissolved 1537 (Wikidata),
rh_cowick_priory,Cowick Priory,Abbey,50.7130,-3.5540,1,benedictine abbey; dissolved 1538 (Wikidata),
rh_hertford_priory,Hertford Priory,Abbey,51.7993,-0.0749,1,benedictine abbey; dissolved 1538 (Wikidata),
rh_haughmond_abbey,Haughmond Abbey,Abbey,52.7331,-2.6800,1,abbey; dissolved 1539 (Wikidata),
rh_stanley_abbey,Stanley Abbey,Abbey,51.4547,-2.0972,1,abbey; dissolved 1536 (Wikidata),
rh_old_buckenham_priory,Old Buckenham Priory,Abbey,52.4911,1.0497,1,monastery ruins; dissolved 1536 (Wikidata),
rh_thetford_priory,Thetford Priory,Abbey,52.4164,0.7426,1,monastery ruins; dissolved 1536 (Wikidata),
rh_wilton_abbey,Wilton Abbey,Abbey,51.0781,-1.8560,1,abbey; dissolved 1539 (Wikidata),
rh_bromholm_priory,Bromholm Priory,Abbey,52.8458,1.4846,1,monastery ruins; dissolved 1536 (Wikidata),
rh_bungay_priory,Bungay Priory,Abbey,52.4550,1.4390,1,monastery ruins; dissolved 1536 (Wikidata),
rh_reading_abbey,Reading Abbey,Abbey,51.4563,-0.9651,1,abbey; dissolved 1538 (Wikidata),
rh_austin_friary_winchester,"Austin Friary, Winchester",Abbey,51.0761,-1.3181,1,convent; dissolved 1538 (Wikidata),
rh_binham_priory,Binham Priory,Abbey,52.9207,0.9471,1,priory; dissolved 1539 (Wikidata),
rh_flixton_priory,Flixton Priory,Abbey,52.4262,1.4041,1,priory; dissolved 1536 (Wikidata),
rh_hickling_priory,Hickling Priory,Abbey,52.7669,1.5830,1,priory; dissolved 1536 (Wikidata),
rh_maxstoke_priory,Maxstoke Priory,Abbey,52.4777,-1.6561,1,monastery ruins; dissolved 1536 (Wikidata),
rh_maplestead_preceptory,Maplestead Preceptory,Abbey,51.9748,0.6546,1,priory; dissolved 1540 (Wikidata),
rh_benedictine_priory_king_s_lynn,"Benedictine Priory, King's Lynn",Abbey,52.7514,0.3954,1,priory; dissolved 1537 (Wikidata),
rh_hertford_blackfriars_priory,Hertford Blackfriars Priory,Abbey,52.0600,-2.7133,1,monastery ruins; dissolved 1538 (Wikidata),
rh_clare_priory,Clare Priory,Abbey,52.0754,0.5813,1,priory; dissolved 1538 (Wikidata),
rh_colne_priory_earls_colne,"Colne Priory, Earls Colne",Abbey,51.9278,0.7105,1,priory; dissolved 1536 (Wikidata),
rh_marmont_priory,Marmont Priory,Abbey,52.5900,0.2030,1,priory; dissolved 1538 (Wikidata),
rh_pentney_priory,Pentney Priory,Abbey,52.6792,0.5155,1,priory; dissolved 1537 (Wikidata),
rh_barnwell_priory,Barnwell Priory,Abbey,52.2096,0.1390,1,priory; dissolved 1538 (Wikidata),
rh_thremhall_priory,Thremhall Priory,Abbey,51.8705,0.2223,1,priory; dissolved 1536 (Wikidata),
rh_castle_acre_priory,Castle Acre Priory,Abbey,52.7005,0.6836,1,priory; dissolved 1537 (Wikidata),
rh_wangford_priory,Wangford Priory,Abbey,52.3546,1.6201,1,priory; dissolved 1540 (Wikidata),
rh_barlynch_priory,Barlynch Priory,Abbey,51.0502,-3.5294,1,monastery ruins; dissolved 1537 (Wikidata),
rh_eye_priory,Eye Priory,Abbey,52.3226,1.1561,1,priory; dissolved 1537 (Wikidata),
rh_old_quarr_abbey,Old Quarr Abbey,Abbey,50.7310,-1.1985,1,monastery ruins; dissolved 1536 (Wikidata),
rh_spinney_priory,Spinney Priory,Abbey,52.3218,0.2802,1,priory; dissolved 1530 (Wikidata),
rh_ickleton_priory,Ickleton Priory,Abbey,52.0708,0.1708,1,priory; dissolved 1536 (Wikidata),
rh_berden_priory,Berden Priory,Abbey,51.9513,0.1265,1,priory; dissolved 1536 (Wikidata),
rh_legbourne_priory,Legbourne Priory,Abbey,53.3372,0.0431,1,priory; dissolved 1536 (Wikidata),
rh_coxford_priory,Coxford Priory,Abbey,52.8267,0.7412,1,priory; dissolved 1536 (Wikidata),
rh_mendham_priory,Mendham Priory,Abbey,52.3881,1.3215,1,priory; dissolved 1537 (Wikidata),
rh_thwaite_priory,Thwaite Priory,Abbey,53.2056,0.1920,1,priory; dissolved 1536 (Wikidata),
rh_crabhouse_priory,Crabhouse Priory,Abbey,52.6448,0.3650,1,priory; dissolved 1536 (Wikidata),
rh_cambridge_blackfriars,Cambridge Blackfriars,Abbey,52.2138,0.1093,1,priory; dissolved 1538 (Wikidata),
rh_woodbridge_priory,Woodbridge Priory,Abbey,52.0931,1.3138,1,priory; dissolved 1537 (Wikidata),
rh_alvingham_priory,Alvingham Priory,Abbey,53.4017,0.0561,1,priory; dissolved 1538 (Wikidata),
rh_the_priory,The Priory,Abbey,52.9729,0.0499,1,priory; dissolved 1539 (Wikidata),
rh_boxgrove_priory,Boxgrove Priory,Abbey,50.8604,-0.7111,1,monastery ruins; dissolved 1536 (Wikidata),
rh_priory_of_the_holy_trinity,Priory of the Holy Trinity,Abbey,52.0632,1.1574,1,priory; dissolved 1537 (Wikidata),
rh_axholme_charterhouse,Axholme Charterhouse,Abbey,53.5075,-0.7861,1,monastery ruins; dissolved 1538 (Wikidata),
rh_hoxne_priory,Hoxne Priory,Abbey,52.3422,1.2037,1,priory; dissolved 1538 (Wikidata),
rh_ellerton_priory,Ellerton Priory,Abbey,54.3719,-1.8791,1,monastery ruins; dissolved 1536 (Wikidata),
rh_guisborough_priory,Guisborough Priory,Abbey,54.5362,-1.0472,1,monastery ruins; dissolved 1540 (Wikidata),
rh_little_dunmow_priory,Little Dunmow Priory,Abbey,51.8651,0.4038,1,priory; dissolved 1536 (Wikidata),
rh_sudbury_benedictine_priory,Sudbury Benedictine Priory,Abbey,52.0520,0.7273,1,priory; dissolved 1538 (Wikidata),
rh_slevesholm_priory,Slevesholm Priory,Abbey,52.5353,0.5087,1,priory; dissolved 1537 (Wikidata),
rh_anglesey_priory,Anglesey Priory,Abbey,52.2369,0.2400,1,priory; dissolved 1536 (Wikidata),
rh_markby_priory,Markby Priory,Abbey,53.2853,0.2304,1,priory; dissolved 1536 (Wikidata),
rh_letheringham_priory,Letheringham Priory,Abbey,52.1787,1.3161,1,priory; dissolved 1537 (Wikidata),
rh_blythburgh_priory,Blythburgh Priory,Abbey,52.3218,1.5968,1,priory; dissolved 1537 (Wikidata),
rh_swingfield_preceptory,Swingfield Preceptory,Abbey,51.1518,1.1906,1,priory; dissolved 1540 (Wikidata),
rh_burscough_priory,Burscough Priory,Abbey,53.5830,-2.8563,1,monastery ruins; dissolved 1536 (Wikidata),
rh_leez_augustinian_priory_fishponds_and_tudor_mansion_leez,"Leez Augustinian Priory, fishponds and Tudor mansion, Leez",Abbey,51.8428,0.4622,1,priory; dissolved 1536 (Wikidata),
rh_st_osyth_s_priory,St Osyth's Priory,Abbey,51.7992,1.0749,1,priory; dissolved 1539 (Wikidata),
rh_weybridge_priory,Weybridge Priory,Abbey,52.6475,1.5684,1,priory; dissolved 1536 (Wikidata),
rh_campsey_priory,Campsey Priory,Abbey,52.1401,1.3870,1,priory; dissolved 1536 (Wikidata),
rh_st_faith_priory,St Faith Priory,Abbey,52.6888,1.2778,1,priory; dissolved 1536 (Wikidata),
rh_fordham_priory,Fordham Priory,Abbey,52.3054,0.3865,1,priory; dissolved 1540 (Wikidata),
rh_rumburgh_priory,Rumburgh Priory,Abbey,52.3846,1.4466,1,priory; dissolved 1528 (Wikidata),
rh_battle_abbey,Battle Abbey,Abbey,50.9150,0.4858,1,monastery ruins; dissolved 1538 (Wikidata),
rh_hatfield_broad_oak_priory,Hatfield Broad Oak Priory,Abbey,51.8283,0.2434,1,priory; dissolved 1536 (Wikidata),
rh_shouldham_priory,Shouldham Priory,Abbey,52.6575,0.4832,1,priory; dissolved 1538 (Wikidata),
rh_flitcham_priory,Flitcham Priory,Abbey,52.8088,0.5724,1,priory; dissolved 1538 (Wikidata),
rh_nunkeeling_priory,Nunkeeling Priory,Abbey,53.9313,-0.2619,1,priory; dissolved 1540 (Wikidata),
rh_elsham_priory,Elsham Priory,Abbey,53.5941,-0.4461,1,priory; dissolved 1536 (Wikidata),
rh_monks_horton_priory,Monks Horton Priory,Abbey,51.1143,1.0079,1,priory; dissolved 1536 (Wikidata),
rh_wilberfoss_priory,Wilberfoss Priory,Abbey,53.9410,-0.8894,1,priory; dissolved 1539 (Wikidata),
rh_moatenden_priory,Moatenden Priory,Abbey,51.1878,0.6014,1,priory; dissolved 1538 (Wikidata),
rh_lanercost_priory,Lanercost Priory,Abbey,54.9661,-2.6953,1,priory; dissolved 1537 (Wikidata),
rh_stixwould_priory,Stixwould Priory,Abbey,53.1786,-0.2470,1,priory; dissolved 1539 (Wikidata),
rh_baysdale_priory,Baysdale Priory,Abbey,54.4516,-1.0437,1,priory; dissolved 1536 (Wikidata),
rh_st_bees_priory,St Bees Priory,Abbey,54.4939,-3.5936,1,priory; dissolved 1539 (Wikidata),
rh_hampole_priory,Hampole Priory,Abbey,53.5880,-1.2372,1,priory; dissolved 1539 (Wikidata),
rh_drax_priory,Drax Priory,Abbey,53.7488,-0.9895,1,priory; dissolved 1535 (Wikidata),
rh_monk_bretton_priory,Monk Bretton Priory,Abbey,53.5540,-1.4384,1,priory; dissolved 1538 (Wikidata),
rh_neasham_priory,Neasham Priory,Abbey,54.4620,-1.4640,1,priory; dissolved 1540 (Wikidata),
rh_haverholme_priory,Haverholme Priory,Abbey,53.0299,-0.3489,1,priory; dissolved 1538 (Wikidata),
rh_eagle_preceptory,Eagle Preceptory,Abbey,53.1818,-0.7063,1,priory; dissolved 1540 (Wikidata),
rh_st_bartholomew_s_nunnery_newcastle_upon_tyne,"St Bartholomew's Nunnery, Newcastle Upon Tyne",Abbey,54.9724,-1.6161,1,priory; dissolved 1540 (Wikidata),
rh_arden_priory,Arden Priory,Abbey,54.3085,-1.2029,1,priory; dissolved 1536 (Wikidata),
rh_maltby_preceptory,Maltby Preceptory,Abbey,53.3406,-0.0369,1,priory; dissolved 1540 (Wikidata),
rh_newland_preceptory,Newland Preceptory,Abbey,53.6970,-1.4471,1,priory; dissolved 1540 (Wikidata),
rh_ribstone_preceptory,Ribstone Preceptory,Abbey,53.9786,-1.4041,1,priory; dissolved 1540 (Wikidata),
rh_bullington_priory,Bullington Priory,Abbey,53.2765,-0.3500,1,priory; dissolved 1538 (Wikidata),
rh_belvoir_priory,Belvoir Priory,Abbey,52.8985,-0.7817,1,priory; dissolved 1539 (Wikidata),
rh_grosmont_priory,Grosmont Priory,Abbey,54.4407,-0.7245,1,priory; dissolved 1536 (Wikidata),
rh_kirklees_priory,Kirklees Priory,Abbey,53.6951,-1.7372,1,priory; dissolved 1539 (Wikidata),
rh_skewkirk_priory,Skewkirk Priory,Abbey,53.9812,-1.2818,1,priory; dissolved 1540 (Wikidata),
rh_finchale_priory,Finchale Priory,Abbey,54.8179,-1.5407,1,priory; dissolved 1535 (Wikidata),
rh_arthington_priory,Arthington Priory,Abbey,53.9017,-1.5620,1,priory; dissolved 1540 (Wikidata),
rh_dartford_priory,Dartford Priory,Abbey,51.4495,0.2148,1,priory; dissolved 1539 (Wikidata),
rh_nun_appleton_priory,Nun Appleton Priory,Abbey,53.8525,-1.1561,1,priory; dissolved 1539 (Wikidata),
rh_combwell_priory,Combwell Priory,Abbey,51.0739,0.4336,1,priory; dissolved 1536 (Wikidata),
rh_sempringham_priory,Sempringham Priory,Abbey,52.8774,-0.3616,1,priory; dissolved 1538 (Wikidata),
rh_newburgh_priory,Newburgh Priory,Abbey,54.1812,-1.1698,1,priory; dissolved 1539 (Wikidata),
rh_newstead_on_ancholme_priory,Newstead-on-Ancholme Priory,Abbey,53.5271,-0.4935,1,priory; dissolved 1538 (Wikidata),
rh_kirby_bellars_priory,Kirby Bellars Priory,Abbey,52.7584,-0.9382,1,priory; dissolved 1536 (Wikidata),
rh_augustinian_nunnery_known_as_moxby_priory_including_mill_and_post_dissolution_garden_features,Augustinian nunnery known as Moxby Priory including mill and post Dissolution garden features,Abbey,54.0944,-1.0884,1,priory; dissolved 1536 (Wikidata),
rh_conishead_priory,Conishead Priory,Abbey,54.1732,-3.0670,1,priory; dissolved 1536 (Wikidata),
rh_mount_grace_priory,Mount Grace Priory,Abbey,54.3802,-1.3105,1,priory; dissolved 1539 (Wikidata),
rh_carham_priory,Carham Priory,Abbey,55.6389,-2.3242,1,priory; dissolved 1539 (Wikidata),
rh_pontefract_priory,Pontefract Priory,Abbey,53.7017,-1.3075,1,priory; dissolved 1538 (Wikidata),
rh_newstead_priory,Newstead Priory,Abbey,52.6583,-0.4542,1,priory; dissolved 1536 (Wikidata),
rh_cartmel_priory,Cartmel Priory,Abbey,54.2011,-2.9522,1,priory; dissolved 1536 (Wikidata),
rh_catley_priory,Catley Priory,Abbey,53.0855,-0.3311,1,priory; dissolved 1538 (Wikidata),
rh_malton_priory,Malton Priory,Abbey,54.1425,-0.7791,1,priory; dissolved 1539 (Wikidata),
rh_swine_priory,Swine Priory,Abbey,53.8063,-0.2791,1,priory; dissolved 1539 (Wikidata),
rh_launde_priory,Launde Priory,Abbey,52.6310,-0.8237,1,priory; dissolved 1539 (Wikidata),
rh_lewes_priory,Lewes Priory,Abbey,50.8684,0.0082,1,priory; dissolved 1537 (Wikidata),
rh_wykeham_priory,Wykeham Priory,Abbey,54.2247,-0.5195,1,priory; dissolved 1539 (Wikidata),
rh_middlesbrough_priory,Middlesbrough Priory,Abbey,54.5822,-1.2324,1,priory; dissolved 1537 (Wikidata),
rh_kirkham_priory,Kirkham Priory,Abbey,54.0829,-0.8767,1,priory; dissolved 1539 (Wikidata),
rh_esholt_priory,Esholt Priory,Abbey,53.8529,-1.7149,1,priory; dissolved 1539 (Wikidata),
rh_thicket_priory,Thicket Priory,Abbey,53.8830,-0.9412,1,priory; dissolved 1539 (Wikidata),
rh_mattersey_priory,Mattersey Priory,Abbey,53.3982,-0.9437,1,priory; dissolved 1538 (Wikidata),
rh_warbleton_priory,Warbleton Priory,Abbey,50.9393,0.3343,1,priory; dissolved 1536 (Wikidata),
rh_nocton_priory,Nocton Priory,Abbey,53.1706,-0.3902,1,priory; dissolved 1536 (Wikidata),
rh_tandridge_priory,Tandridge Priory,Abbey,51.2541,0.0267,1,priory; dissolved 1538 (Wikidata),
rh_keldholme_priory,Keldholme Priory,Abbey,54.2664,-0.9147,1,priory; dissolved 1536 (Wikidata),
rh_kyme_priory,Kyme Priory,Abbey,53.0326,-0.2589,1,priory; dissolved 1539 (Wikidata),
rh_hirst_priory,Hirst Priory,Abbey,53.5828,-0.8261,1,priory; dissolved 1540 (Wikidata),
rh_brinkburn_priory,Brinkburn Priory,Abbey,55.2787,-1.8182,1,priory; dissolved 1536 (Wikidata),
rh_shelford_priory,Shelford Priory,Abbey,52.9841,-1.0000,1,priory; dissolved 1536 (Wikidata),
rh_gokewell_priory,Gokewell Priory,Abbey,53.5811,-0.5809,1,priory; dissolved 1536 (Wikidata),
rh_lambley_priory,Lambley Priory,Abbey,54.9278,-2.5096,1,priory; dissolved 1537 (Wikidata),
rh_north_ferriby_priory,North Ferriby Priory,Abbey,53.7183,-0.5059,1,priory; dissolved 1536 (Wikidata),
rh_bamburgh_priory,Bamburgh Priory,Abbey,55.6068,-1.7246,1,priory; dissolved 1537 (Wikidata),
rh_healaugh_park_priory,Healaugh Park Priory,Abbey,53.9110,-1.2624,1,priory; dissolved 1535 (Wikidata),
rh_ovingham_priory,Ovingham Priory,Abbey,54.9674,-1.8688,1,priory; dissolved 1537 (Wikidata),
rh_heynings_priory,Heynings Priory,Abbey,53.3575,-0.7296,1,priory; dissolved 1539 (Wikidata),
rh_bridgend_priory,Bridgend Priory,Abbey,52.9109,-0.3009,1,priory; dissolved 1538 (Wikidata),
rh_bilsington_priory,Bilsington Priory,Abbey,51.0830,0.9155,1,priory; dissolved 1536 (Wikidata),
rh_torksey_priory,Torksey Priory,Abbey,53.3009,-0.7448,1,priory; dissolved 1536 (Wikidata),
rh_dover_priory,Dover Priory,Abbey,51.1268,1.3069,1,priory; dissolved 1538 (Wikidata),
rh_deeping_st_james_priory,Deeping St. James Priory,Abbey,52.6717,-0.2895,1,priory; dissolved 1539 (Wikidata),
rh_marton_priory,Marton Priory,Abbey,54.1179,-1.1077,1,priory; dissolved 1536 (Wikidata),
rh_nunburnholme_priory,Nunburnholme Priory,Abbey,53.9247,-0.7040,1,priory; dissolved 1536 (Wikidata),
rh_knaresborough_trinitarian_priory,Knaresborough Trinitarian priory,Abbey,53.9959,-1.4571,1,priory; dissolved 1538 (Wikidata),
rh_lytham_priory,Lytham Priory,Abbey,53.7441,-2.9768,1,priory; dissolved 1535 (Wikidata),
rh_woodkirk_priory,Woodkirk Priory,Abbey,53.7223,-1.5885,1,priory; dissolved 1540 (Wikidata),
rh_willoughton_preceptory,Willoughton Preceptory,Abbey,53.4269,-0.6053,1,priory; dissolved 1540 (Wikidata),
rh_broadholme_priory,Broadholme Priory,Abbey,53.2514,-0.6609,1,priory; dissolved 1536 (Wikidata),
rh_thornholme_priory,Thornholme Priory,Abbey,53.6001,-0.5407,1,priory; dissolved 1536 (Wikidata),
rh_blyth_priory,Blyth Priory,Abbey,53.3788,-1.0635,1,priory; dissolved 1536 (Wikidata),
rh_leominster_priory,Leominster Priory,Abbey,52.2299,-2.7351,1,priory; dissolved 1539 (Wikidata),
rh_beauvale_priory,Beauvale Priory,Abbey,53.0364,-1.2672,1,priory; dissolved 1539 (Wikidata),
rh_canons_ashby_priory,Canons Ashby Priory,Abbey,52.1500,-1.1567,1,priory; dissolved 1536 (Wikidata),
rh_chirbury_priory,Chirbury Priory,Abbey,52.5796,-3.0911,1,priory; dissolved 1536 (Wikidata),
rh_upholland_priory,Upholland Priory,Abbey,53.5401,-2.7213,1,priory; dissolved 1536 (Wikidata),
rh_dingley_preceptory,Dingley Preceptory,Abbey,52.4824,-0.8658,1,priory; dissolved 1540 (Wikidata),
rh_kersal_priory,Kersal Priory,Abbey,53.5102,-2.2886,1,priory; dissolved 1538 (Wikidata),
rh_hogshaw_commandery,Hogshaw Commandery,Abbey,51.8958,-0.9288,1,priory; dissolved 1540 (Wikidata),
rh_priory_of_st_thomas_near_stafford,Priory of St. Thomas near Stafford,Abbey,52.8037,-2.0748,1,priory; dissolved 1538 (Wikidata),
rh_monks_kirby_priory,Monks Kirby Priory,Abbey,52.4444,-1.3199,1,priory; dissolved 1538 (Wikidata),
rh_wenlock_priory,Wenlock Priory,Abbey,52.5971,-2.5552,1,priory; dissolved 1540 (Wikidata),
rh_st_ives_priory,St Ives Priory,Abbey,52.3220,-0.0721,1,priory; dissolved 1539 (Wikidata),
rh_newstead_abbey,Newstead Abbey,Abbey,53.0784,-1.1929,1,priory; dissolved 1539 (Wikidata),
rh_stone_priory,Stone Priory,Abbey,52.9010,-2.1440,1,priory; dissolved 1537 (Wikidata),
rh_kilburn_priory,Kilburn Priory,Abbey,51.5410,-0.1896,1,priory; dissolved 1536 (Wikidata),
rh_studley_priory,Studley Priory,Abbey,52.2740,-1.8943,1,priory; dissolved 1536 (Wikidata),
rh_st_margaret_s_convent_hertfordshire,"St Margaret's Convent, Hertfordshire",Abbey,51.7957,-0.5292,1,priory; dissolved 1536 (Wikidata),
rh_huntingdon_priory,Huntingdon Priory,Abbey,52.3330,-0.1830,1,priory; dissolved 1538 (Wikidata),
rh_little_malvern_priory,Little Malvern Priory,Abbey,52.0612,-2.3367,1,priory; dissolved 1537 (Wikidata),
rh_st_mary_s_priory_and_cathedral,St Mary's Priory and Cathedral,Abbey,52.4089,-1.5092,1,priory; dissolved 1539 (Wikidata),
rh_harrold_priory,Harrold Priory,Abbey,52.1995,-0.6055,1,priory; dissolved 1537 (Wikidata),
rh_aconbury_priory,Aconbury Priory,Abbey,51.9974,-2.7021,1,priory; dissolved 1539 (Wikidata),
rh_wormsley_priory,Wormsley Priory,Abbey,52.1312,-2.8243,1,priory; dissolved 1539 (Wikidata),
rh_fineshade_priory,Fineshade Priory,Abbey,52.5688,-0.5651,1,priory; dissolved 1536 (Wikidata),
rh_ashridge_priory,Ashridge Priory,Abbey,51.7990,-0.5600,1,priory; dissolved 1539 (Wikidata),
rh_derby_cluniac_priory,Derby Cluniac Priory,Abbey,52.9223,-1.4784,1,priory; dissolved 1536 (Wikidata),
rh_poulton_priory,Poulton Priory,Abbey,51.6990,-1.8639,1,priory; dissolved 1539 (Wikidata),
rh_gresley_priory,Gresley Priory,Abbey,52.7597,-1.5669,1,priory; dissolved 1536 (Wikidata),
rh_arbury_priory,Arbury Priory,Abbey,52.5002,-1.5075,1,priory; dissolved 1536 (Wikidata),
rh_caldwell_priory,Caldwell Priory,Abbey,52.1294,-0.4765,1,priory; dissolved 1537 (Wikidata),
rh_breadsall_priory,Breadsall Priory,Abbey,52.9688,-1.4335,1,priory; dissolved 1536 (Wikidata),
rh_littlemore_priory,Littlemore Priory,Abbey,51.7161,-1.2117,1,priory; dissolved 1525 (Wikidata),
rh_wroxall_priory,Wroxall Priory,Abbey,52.3341,-1.6758,1,priory; dissolved 1536 (Wikidata),
rh_black_ladies_priory,Black Ladies Priory,Abbey,52.6815,-2.2271,1,priory; dissolved 1538 (Wikidata),
rh_melchbourne_preceptory,Melchbourne Preceptory,Abbey,52.2713,-0.4925,1,priory; dissolved 1540 (Wikidata),
rh_stoneley_priory,Stoneley Priory,Abbey,52.2944,-0.3680,1,priory; dissolved 1536 (Wikidata),
rh_lenton_priory,Lenton Priory,Abbey,52.9435,-1.1790,1,priory; dissolved 1538 (Wikidata),
rh_markyate_priory,Markyate Priory,Abbey,51.8438,-0.4644,1,priory; dissolved 1536 (Wikidata),
rh_pinley_priory,Pinley Priory,Abbey,52.2896,-1.6883,1,priory; dissolved 1536 (Wikidata),
rh_limebrook_priory,Limebrook Priory,Abbey,52.2892,-2.9191,1,priory; dissolved 1539 (Wikidata),
rh_flanesford_priory,Flanesford Priory,Abbey,51.8715,-2.6128,1,priory; dissolved 1536 (Wikidata),
rh_priory_of_st_thomas_of_canterbury_birmingham,"Priory of St Thomas of Canterbury, Birmingham",Abbey,52.4820,-1.8950,1,priory; dissolved 1536 (Wikidata),
rh_felley_priory,Felley Priory,Abbey,53.0565,-1.2805,1,priory; dissolved 1536 (Wikidata),
rh_shingay_preceptory,Shingay Preceptory,Abbey,52.1087,-0.0881,1,priory; dissolved 1539 (Wikidata),
rh_chicksands_priory,Chicksands Priory,Abbey,52.0408,-0.3663,1,priory; dissolved 1538 (Wikidata),
rh_ratlinghope_priory,Ratlinghope Priory,Abbey,52.5666,-2.8826,1,priory; dissolved 1538 (Wikidata),
rh_dunstable_priory,Dunstable Priory,Abbey,51.8860,-0.5176,1,priory; dissolved 1540 (Wikidata),
rh_snelshall_priory,Snelshall Priory,Abbey,52.0027,-0.8125,1,priory; dissolved 1536 (Wikidata),
rh_sewardsley_priory,Sewardsley Priory,Abbey,52.1508,-0.9535,1,priory; dissolved 1536 (Wikidata),
rh_dudley_priory,Dudley Priory,Abbey,52.5155,-2.0851,1,priory; dissolved 1539 (Wikidata),
rh_canwell_priory,Canwell Priory,Abbey,52.6015,-1.7834,1,priory; dissolved 1525 (Wikidata),
rh_little_marlow_priory,Little Marlow Priory,Abbey,51.5854,-0.7422,1,priory; dissolved 1536 (Wikidata),
rh_hitchin_priory,Hitchin Priory,Abbey,51.9451,-0.2791,1,priory; dissolved 1538 (Wikidata),
rh_calke_priory,Calke Priory,Abbey,52.7998,-1.4559,1,priory; dissolved 1538 (Wikidata),
rh_bushmead_priory,Bushmead Priory,Abbey,52.2336,-0.3675,1,priory; dissolved 1537 (Wikidata),
rh_ulverscroft_priory,Ulverscroft Priory,Abbey,52.7097,-1.2595,1,priory; dissolved 1539 (Wikidata),
rh_calwich_abbey,Calwich Abbey,Abbey,52.9868,-1.8097,1,priory; dissolved 1536 (Wikidata),
rh_newnham_priory,Newnham Priory,Abbey,52.1408,-0.4451,1,priory; dissolved 1540 (Wikidata),
rh_rothwell_priory,Rothwell Priory,Abbey,52.4246,-0.8058,1,priory; dissolved 1537 (Wikidata),
rh_bromfield_priory,Bromfield Priory,Abbey,52.3869,-2.7633,1,priory; dissolved 1540 (Wikidata),
rh_royston_priory,Royston Priory,Abbey,52.0478,-0.0217,1,priory; dissolved 1537 (Wikidata),
rh_chacombe_priory,Chacombe Priory,Abbey,52.0912,-1.2884,1,priory; dissolved 1536 (Wikidata),
rh_leonard_stanley_priory,Leonard Stanley Priory,Abbey,51.7277,-2.2876,1,priory; dissolved 1538 (Wikidata),
rh_clattercote_priory,Clattercote Priory,Abbey,52.1393,-1.3320,1,priory; dissolved 1538 (Wikidata),
rh_st_leonard_s_priory_immediately_adjacent_to_the_church_of_st_mary_and_st_leonard_wombridge,"St Leonard's Priory immediately adjacent to the Church of St Mary and St Leonard, Wombridge",Abbey,52.7014,-2.4584,1,priory; dissolved 1536 (Wikidata),
rh_morville_priory,Morville Priory,Abbey,52.5419,-2.4886,1,priory; dissolved 1540 (Wikidata),
rh_catesby_priory,Catesby Priory,Abbey,52.2316,-1.2464,1,priory; dissolved 1536 (Wikidata),
rh_langley_priory,Langley Priory,Abbey,52.8078,-1.3582,1,priory; dissolved 1536 (Wikidata),
rh_whistones_priory,Whistones Priory,Abbey,52.7023,-2.8894,1,priory; dissolved 1536 (Wikidata),
rh_birkenhead_priory,Birkenhead Priory,Abbey,53.3896,-3.0118,1,priory; dissolved 1536 (Wikidata),
rh_atherstone_priory,Atherstone Priory,Abbey,52.5741,-1.5364,1,priory; dissolved 1538 (Wikidata),
rh_white_ladies_priory,White Ladies Priory,Abbey,52.6660,-2.2585,1,priory; dissolved 1538 (Wikidata),
rh_cheshunt_priory,Cheshunt Priory,Abbey,51.7176,-0.0189,1,priory; dissolved 1536 (Wikidata),
rh_trentham_priory,Trentham Priory,Abbey,52.9654,-2.2018,1,priory; dissolved 1540 (Wikidata),
rh_merton_priory,Merton Priory,Abbey,51.4142,-0.1812,1,priory; dissolved 1538 (Wikidata),
rh_doncaster_whitefriars,Doncaster Whitefriars,Abbey,53.5229,-1.1350,1,Carmelite monastery; dissolved 1538 (Wikidata),
rh_ludlow_whitefriars,Ludlow Whitefriars,Abbey,52.3709,-2.7212,1,Carmelite monastery; dissolved 1538 (Wikidata),
rh_marlborough_whitefriars,Marlborough Whitefriars,Abbey,51.4194,-1.7317,1,Carmelite monastery; dissolved 1538 (Wikidata),
rh_northallerton_whitefriars,Northallerton Whitefriars,Abbey,54.3423,-1.4325,1,Carmelite monastery; dissolved 1538 (Wikidata),
rh_wareham_priory,Wareham Priory,Abbey,50.6841,-2.1075,1,priory; dissolved 1539 (Wikidata),
rh_plymouth_whitefriars,Plymouth Whitefriars,Abbey,50.3716,-4.1305,1,Carmelite monastery; dissolved 1538 (Wikidata),
rh_sandwich_whitefriars,Sandwich Whitefriars,Abbey,51.2733,1.3384,1,Carmelite monastery; dissolved 1538 (Wikidata),
rh_sele_whitefriars,Sele Whitefriars,Abbey,50.8875,-0.3057,1,Carmelite monastery; dissolved 1538 (Wikidata),
rh_sniterley_whitefriars,Sniterley Whitefriars,Abbey,52.9553,1.0234,1,Carmelite monastery; dissolved 1538 (Wikidata),
rh_totnes_priory,Totnes Priory,Abbey,50.4319,-3.6875,1,priory; dissolved 1536 (Wikidata),
rh_greenham_preceptory,Greenham Preceptory,Abbey,51.3788,-1.2808,1,priory; dissolved 1540 (Wikidata),
rh_hinton_priory,Hinton Priory,Abbey,51.3311,-2.3199,1,priory; dissolved 1539 (Wikidata),
rh_plympton_priory,Plympton Priory,Abbey,50.3875,-4.0585,1,priory; dissolved 1539 (Wikidata),
rh_marsh_barton_priory,Marsh Barton Priory,Abbey,50.7078,-3.5266,1,priory; dissolved 1539 (Wikidata),
rh_cannington_priory,Cannington Priory,Abbey,51.1504,-3.0627,1,priory; dissolved 1536 (Wikidata),
rh_deerhurst_priory,Deerhurst Priory,Abbey,51.4671,-2.6189,1,priory; dissolved 1540 (Wikidata),
rh_kington_st_michael_priory,Kington St Michael Priory,Abbey,51.4992,-2.1549,1,priory; dissolved 1536 (Wikidata),
rh_remains_of_edington_priory,Remains of Edington Priory,Abbey,51.2793,-2.1061,1,priory; dissolved 1539 (Wikidata),
rh_newark_priory,Newark Priory,Abbey,51.3089,-0.5068,1,priory; dissolved 1538 (Wikidata),
rh_sheen_priory,Sheen Priory,Abbey,51.4677,-0.3162,1,priory; dissolved 1539 (Wikidata),
rh_taunton_priory,Taunton Priory,Abbey,51.0181,-3.0982,1,priory; dissolved 1539 (Wikidata),
rh_cornworthy_priory,Cornworthy Priory,Abbey,50.3885,-3.6570,1,priory; dissolved 1536 (Wikidata),
rh_southwick_priory,Southwick Priory,Abbey,50.8717,-1.1071,1,priory; dissolved 1538 (Wikidata),
rh_shulbrede_priory,Shulbrede Priory,Abbey,51.0617,-0.7509,1,priory; dissolved 1536 (Wikidata),
rh_stavordale_priory,Stavordale Priory,Abbey,51.0867,-2.3764,1,priory; dissolved 1539 (Wikidata),
rh_st_denys_priory,St Denys Priory,Abbey,50.9252,-1.3808,1,priory; dissolved 1536 (Wikidata),
rh_polsloe_priory,Polsloe Priory,Abbey,50.7341,-3.5017,1,priory; dissolved 1539 (Wikidata),
rh_frithelstock_priory,Frithelstock Priory,Abbey,50.9551,-4.1884,1,priory; dissolved 1536 (Wikidata),
rh_mottisfont_abbey,Mottisfont Abbey,Abbey,51.0414,-1.5350,1,priory; dissolved 1536 (Wikidata),
rh_launceston_priory,Launceston Priory,Abbey,50.6364,-4.3553,1,priory; dissolved 1538 (Wikidata),
rh_st_michael_s_priory,St Michael's Priory,Abbey,50.9599,-1.7699,1,priory; dissolved 1539 (Wikidata),
rh_amesbury_priory,Amesbury Priory,Abbey,51.1719,-1.7843,1,priory; dissolved 1539 (Wikidata),
rh_barnstaple_priory,Barnstaple Priory,Abbey,51.0885,-4.0624,1,priory; dissolved 1536 (Wikidata),
rh_burnham_norton_friary,Burnham Norton Friary,Abbey,52.9509,0.7348,1,friary; dissolved 1538 (Wikidata),
rh_bruisyard_abbey,Bruisyard Abbey,Abbey,52.2445,1.4178,1,nunnery; dissolved 1539 (Wikidata),
rh_bath_cathedral_priory,Bath Cathedral Priory,Abbey,51.3814,-2.3586,1,priory; dissolved 1539 (Wikidata),
rh_boston_whitefriars,Boston Whitefriars,Abbey,52.9753,-0.0256,1,Carmelite monastery; dissolved 1539 (Wikidata),
rh_wintney_priory,Wintney Priory,Abbey,51.2909,-0.8875,1,priory; dissolved 1536 (Wikidata),
rh_breamore_priory,Breamore Priory,Abbey,50.9708,-1.7842,1,priory; dissolved 1536 (Wikidata),
rh_maiden_bradley_priory,Maiden Bradley Priory,Abbey,51.1619,-2.2883,1,priory; dissolved 1536 (Wikidata),
rh_montacute_priory,Montacute Priory,Abbey,50.9486,-2.7177,1,priory; dissolved 1539 (Wikidata),
rh_hull_whitefriars,Hull Whitefriars,Abbey,53.7428,-0.3452,1,Carmelite monastery; dissolved 1539 (Wikidata),
rh_aylesford_priory,Aylesford Priory,Abbey,51.3028,0.4714,1,Carmelite monastery; dissolved 1538 (Wikidata),
rh_poling_preceptory,Poling Preceptory,Abbey,50.8413,-0.5149,1,priory; dissolved 1540 (Wikidata),
rh_bradenstoke_priory,Bradenstoke Priory,Abbey,51.5113,-2.0061,1,priory; dissolved 1539 (Wikidata),
rh_kerswell_priory,Kerswell Priory,Abbey,50.8493,-3.3167,1,priory; dissolved 1538 (Wikidata),
rh_scarborough_whitefriars,Scarborough Whitefriars,Abbey,54.2834,-0.3978,1,Carmelite monastery; dissolved 1539 (Wikidata),
rh_dunster_priory,Dunster Priory,Abbey,51.1832,-3.4459,1,priory; dissolved 1539 (Wikidata),
rh_ankerwycke_priory,Ankerwycke Priory,Abbey,51.4436,-0.5566,1,priory; dissolved 1536 (Wikidata),
rh_witham_charterhouse,Witham Charterhouse,Abbey,51.1739,-2.3476,1,Carthusian monastery; dissolved 1539 (Wikidata),
rh_great_yarmouth_carmelite_friary,Great Yarmouth Carmelite Friary,Abbey,52.6082,1.7237,1,Carmelite monastery; dissolved 1538 (Wikidata),
rh_cranborne_priory,Cranborne Priory,Abbey,50.9187,-1.9238,1,priory; dissolved 1540 (Wikidata),
rh_melcombe_priory,Melcombe Priory,Abbey,50.6151,-2.4585,1,priory; dissolved 1538 (Wikidata),
rh_woodspring_priory,Woodspring Priory,Abbey,51.3902,-2.9454,1,priory; dissolved 1536 (Wikidata),
rh_reigate_priory,Reigate Priory,Abbey,51.2355,-0.2063,1,priory; dissolved 1536 (Wikidata),
rh_carlisle_franciscan_friary,Carlisle Franciscan Friary,Abbey,54.8931,-2.9338,1,friary; dissolved 1539 (Wikidata),
rh_aylesbury_friary,Aylesbury Friary,Abbey,51.8152,-0.8149,1,friary; dissolved 1538 (Wikidata),
rh_bridgnorth_friary,Bridgnorth Friary,Abbey,52.5370,-2.4161,1,friary; dissolved 1538 (Wikidata),
rh_chichester_friary,Chichester Friary,Abbey,50.8396,-0.7764,1,friary; dissolved 1538 (Wikidata),
rh_greyfriars_winchelsea,"Greyfriars, Winchelsea",Abbey,50.9218,0.7103,1,friary; dissolved 1538 (Wikidata),
rh_blackfriars_leicester,"Blackfriars, Leicester",Abbey,52.6369,-1.1444,1,friary; dissolved 1538 (Wikidata),
rh_greenwich_greyfriars,Greenwich Greyfriars,Abbey,51.4832,-0.0066,1,friary; dissolved 1538 (Wikidata),
rh_greyfriars_hartlepool,"Greyfriars, Hartlepool",Abbey,54.6967,-1.1799,1,friary; dissolved 1538 (Wikidata),
rh_greyfriars,Greyfriars,Abbey,54.4048,-1.7380,1,friary; dissolved 1539 (Wikidata),
rh_austin_friars_grimsby,Austin Friars Grimsby,Abbey,53.5661,-0.0865,1,friary; dissolved 1539 (Wikidata),
rh_penrith_austin_friars,Penrith Austin Friars,Abbey,54.6640,-2.7486,1,friary; dissolved 1539 (Wikidata),
rh_stafford_austin_friars,Stafford Austin Friars,Abbey,52.8027,-2.1145,1,friary; dissolved 1539 (Wikidata),
rh_warrington_austin_friars,Warrington Austin Friars,Abbey,53.3869,-2.5935,1,friary; dissolved 1539 (Wikidata),
rh_woodhouse_austin_friars,Woodhouse Austin Friars,Abbey,52.3914,-2.5201,1,friary; dissolved 1539 (Wikidata),
rh_lossenham_friary,Lossenham Friary,Abbey,51.0203,0.6233,1,friary; dissolved 1538 (Wikidata),
rh_gorleston_friary,Gorleston Friary,Abbey,52.5864,1.7246,1,friary; dissolved 1538 (Wikidata),
rh_hounslow_friary,Hounslow Friary,Abbey,51.4686,-0.3638,1,friary; dissolved 1538 (Wikidata),
rh_northampton_austin_friars,Northampton Austin Friars,Abbey,52.2392,-0.9233,1,friary; dissolved 1538 (Wikidata),
rh_orford_austin_friars,Orford Austin Friars,Abbey,52.0931,1.5353,1,friary; dissolved 1538 (Wikidata),
rh_rye_austin_friars,Rye Austin Friars,Abbey,50.9518,0.7345,1,friary; dissolved 1538 (Wikidata),
rh_southampton_austin_friars,Southampton Austin Friars,Abbey,50.8976,-1.4030,1,friary; dissolved 1538 (Wikidata),
rh_hulne_priory,Hulne Priory,Abbey,55.4350,-1.7429,1,friary; dissolved 1539 (Wikidata),
rh_temple_bruer_preceptory,Temple Bruer Preceptory,Abbey,53.0711,-0.4962,1,friary; dissolved 1540 (Wikidata),
rh_grantham_greyfriars,Grantham Greyfriars,Abbey,52.9121,-0.6467,1,friary; dissolved 1539 (Wikidata),
rh_truro_blackfriars,Truro Blackfriars,Abbey,50.2633,-5.0550,1,friary; dissolved 1538 (Wikidata),
rh_castle_hedingham_priory,Castle Hedingham Priory,Abbey,51.9901,0.5883,1,destroyed monastery; dissolved 1535 (Wikidata),
rh_greenfield_priory,Greenfield Priory,Abbey,53.2794,0.1474,1,Cistercian nunnery; dissolved 1536 (Wikidata),
rh_barrow_gurney_nunnery,Barrow Gurney Nunnery,Abbey,51.4073,-2.6748,1,former monastery; dissolved 1536 (Wikidata),
rh_bodmin_friary,Bodmin Friary,Abbey,50.4797,-4.7196,1,friary; dissolved 1538 (Wikidata),
rh_west_peckham_preceptory,West Peckham Preceptory,Abbey,51.2501,0.3607,1,former monastery; dissolved 1540 (Wikidata),
rh_trebeigh_preceptory,Trebeigh Preceptory,Abbey,50.4793,-4.3918,1,friary; dissolved 1540 (Wikidata),
rh_syningthwaite_priory,Syningthwaite Priory,Abbey,53.9326,-1.2985,1,Cistercian nunnery; dissolved 1536 (Wikidata),
rh_prinknash_abbey,Prinknash Abbey,Abbey,51.8225,-2.1761,1,monastery; dissolved 1539 (Wikidata),
rh_molycourt_priory,Molycourt Priory,Abbey,52.6021,0.2611,1,monastery; dissolved 1539 (Wikidata),
rh_brooke_priory,Brooke Priory,Abbey,52.6461,-0.7525,1,monastery; dissolved 1535 (Wikidata),
rh_chippenham_preceptory,Chippenham Preceptory,Abbey,52.3005,0.4388,1,monastery; dissolved 1540 (Wikidata),
rh_blackborough_priory,Blackborough Priory,Abbey,52.6985,0.4759,1,monastery; dissolved 1537 (Wikidata),
rh_guildford_black_friary,Guildford Black Friary,Abbey,51.2392,-0.5868,1,monastery; dissolved 1538 (Wikidata),
rh_barrow_camera,Barrow Camera,Abbey,52.8630,-1.5010,1,monastery; dissolved 1540 (Wikidata),
rh_st_neots_priory,St Neots Priory,Abbey,52.2284,-0.2709,1,monastery; dissolved 1539 (Wikidata),
rh_nottingham_whitefriars,Nottingham Whitefriars,Abbey,52.9526,-1.1518,1,monastery; dissolved 1539 (Wikidata),
rh_newark_observant_friary,Newark Observant Friary,Abbey,53.0777,-0.8043,1,monastery; dissolved 1534 (Wikidata),
rh_barking_abbey,Barking Abbey,Abbey,51.5359,0.0754,1,monastery; dissolved 1539 (Wikidata),
rh_malling_abbey,Malling Abbey,Abbey,51.2933,0.4122,1,monastery; dissolved 1538 (Wikidata),
rh_haltemprice_priory,Haltemprice Priory,Abbey,53.7646,-0.4209,1,monastery; dissolved 1536 (Wikidata),
rh_bruern_abbey,Bruern Abbey,Abbey,51.8811,-1.6133,1,monastery; dissolved 1536 (Wikidata),
rh_ivychurch_priory,Ivychurch Priory,Abbey,51.0481,-1.7412,1,monastery; dissolved 1536 (Wikidata),
rh_ravenstonedale_priory,Ravenstonedale Priory,Abbey,54.4333,-2.4298,1,monastery; dissolved 1539 (Wikidata),
rh_leeds_priory,Leeds Priory,Abbey,51.2472,0.6111,1,monastery; dissolved 1539 (Wikidata),
rh_swaffham_bulbeck_priory,Swaffham Bulbeck Priory,Abbey,52.2475,0.2821,1,benedictine nunnery; dissolved 1536 (Wikidata),
rh_owston_abbey,Owston Abbey,Abbey,52.6638,-0.8565,1,monastery; dissolved 1536 (Wikidata),
rh_baddesley_preceptory,Baddesley Preceptory,Abbey,51.1292,-1.1391,1,monastery; dissolved 1540 (Wikidata),
rh_ilchester_friary,Ilchester Friary,Abbey,51.0017,-2.6874,1,monastery; dissolved 1538 (Wikidata),
c_newton_st_loe_castle,Newton St Loe Castle,Castle,51.3740,-2.4410,1,Built 1350 (Wikidata),
c_corfe_castle,Corfe Castle,Castle,50.6399,-2.0589,1,Built 1100 (Wikidata),
c_hartlebury_castle,Hartlebury Castle,Castle,52.3391,-2.2420,1,Built 1300 (Wikidata),
c_stokesay_castle,Stokesay Castle,Castle,52.4303,-2.8313,1,Built 1285 (Wikidata),
c_saffron_walden_castle,Saffron Walden Castle,Castle,52.0255,0.2420,1,Built 1141 (Wikidata),
c_woodcroft_castle,Woodcroft Castle,Castle,52.6263,-0.3172,1,Built 1280 (Wikidata),
c_barnstaple_castle,Barnstaple Castle,Castle,51.0811,-4.0632,1,Built 1100 (Wikidata),
c_bradenstoke_priory,Bradenstoke Priory,Castle,51.5113,-2.0061,1,Built 1101 (Wikidata),
c_dacre_castle,Dacre Castle,Castle,54.6316,-2.8365,1,Built 1400 (Wikidata),
c_middleton_stoney_castle,Middleton Stoney Castle,Castle,51.9053,-1.2278,1,Built 1150 (Wikidata),
c_moor_end_castle,Moor End Castle,Castle,52.0949,-0.9002,1,Built 1347 (Wikidata),
c_okehampton_castle,Okehampton Castle,Castle,50.7306,-4.0083,1,Built 1068 (Wikidata),
c_norwich_castle,Norwich Castle,Castle,52.6281,1.2968,1,Built 1066 (Wikidata),
c_bishopton_castle,Bishopton Castle,Castle,54.5820,-1.4340,1,Built 1143 (Wikidata),
c_hartley_castle,Hartley Castle,Castle,54.4691,-2.3365,1,Built 1353 (Wikidata),
c_lincoln_castle,Lincoln Castle,Castle,53.2349,-0.5409,1,Built 1068 (Wikidata),
c_caverswall_castle,Caverswall Castle,Castle,52.9826,-2.0746,1,Built 1275 (Wikidata),
c_brimpsfield_castle,Brimpsfield Castle,Castle,51.8135,-2.0872,1,Built 1150 (Wikidata),
c_chipchase_tower,Chipchase Tower,Castle,55.0759,-2.1857,1,Built 1350 (Wikidata),
c_somerton_castle,Somerton Castle,Castle,53.1174,-0.5762,1,Built 1281 (Wikidata),
c_ashley_castle,Ashley Castle,Castle,51.0758,-1.4525,1,Built 1138 (Wikidata),
c_gleaston_castle,Gleaston Castle,Castle,54.1336,-3.1316,1,Built 1350 (Wikidata),
c_cooling_castle,Cooling Castle,Castle,51.4555,0.5227,1,Built 1380 (Wikidata),
c_greystoke_castle,Greystoke Castle,Castle,54.6700,-2.8771,1,Built 1353 (Wikidata),
c_dudley_castle,Dudley Castle,Castle,52.5146,-2.0796,1,Built 1070 (Wikidata),
c_chillingham_castle,Chillingham Castle,Castle,55.5258,-1.9041,1,Built 1344 (Wikidata),
c_chapel_hill_motte_arkholme,"Chapel Hill Motte, Arkholme",Castle,54.1407,-2.6302,1,Built 1100 (Wikidata),
c_hever_castle,Hever Castle,Castle,51.1869,0.1139,1,Built 1271 (Wikidata),
c_chideock_castle,Chideock Castle,Castle,50.7343,-2.8182,1,Built 1370 (Wikidata),
c_ravensworth_castle,Ravensworth Castle,Castle,54.9262,-1.6384,1,Built 1350 (Wikidata),
c_westenhanger_castle,Westenhanger Castle,Castle,51.0944,1.0314,1,Built 1343 (Wikidata),
c_burwell_castle,Burwell Castle,Castle,52.2701,0.3246,1,Built 1144 (Wikidata),
c_york_castle,York Castle,Castle,53.9558,-1.0800,1,Built 1068 (Wikidata),
c_buckton_castle,Buckton Castle,Castle,53.5114,-2.0180,1,Built 1200 (Wikidata),
c_cawood_castle,Cawood Castle,Castle,53.8313,-1.1297,1,Built 1378 (Wikidata),
c_castle_pulverbatch,Castle Pulverbatch,Castle,52.6144,-2.8544,1,Built 1086 (Wikidata),
c_hemyock_castle,Hemyock Castle,Castle,50.9125,-3.2316,1,Built 1380 (Wikidata),
c_harbottle_castle,Harbottle Castle,Castle,55.3370,-2.1090,1,Built 1200 (Wikidata),
c_starborough_castle,Starborough Castle,Castle,51.1783,0.0386,1,Built 1341 (Wikidata),
c_shirburn_castle,Shirburn Castle,Castle,51.6583,-0.9944,1,Built 1377 (Wikidata),
c_ford_castle,Ford Castle,Castle,55.6314,-2.0903,1,Built 1338 (Wikidata),
c_pleshey_castle_and_town_enclosure,Pleshey Castle and town enclosure,Castle,51.8046,0.4135,1,Built 1150 (Wikidata),
c_beeston_castle,Beeston Castle,Castle,53.1287,-2.6935,1,Built 1220 (Wikidata),
c_skipsea_castle,Skipsea Castle,Castle,53.9779,-0.2305,1,Built 1086 (Wikidata),
c_bodiam_castle,Bodiam Castle,Castle,51.0023,0.5435,1,Built 1385 (Wikidata),
c_owston_ferry_castle,Owston Ferry Castle,Castle,53.4929,-0.7877,1,Built 1174 (Wikidata),
c_woodsford_castle,Woodsford Castle,Castle,50.7126,-2.3439,1,Built 1336 (Wikidata),
c_lumley_castle,Lumley Castle,Castle,54.8547,-1.5529,1,Built 1389 (Wikidata),
c_wingfield_castle,Wingfield Castle,Castle,52.3479,1.2614,1,Built 1384 (Wikidata),
c_lowther_castle_stead,Lowther Castle Stead,Castle,54.6099,-2.7464,1,Built 1100 (Wikidata),
c_wallingford_castle,Wallingford Castle,Castle,51.6032,-1.1217,1,Built 1067 (Wikidata),
c_berkhamsted_castle,Berkhamsted Castle,Castle,51.7641,-0.5588,1,Built 1066 (Wikidata),
c_bedford_castle,Bedford Castle,Castle,52.1357,-0.4635,1,Built 1100 (Wikidata),
c_farleigh_hungerford_castle,Farleigh Hungerford Castle,Castle,51.3174,-2.2869,1,Built 1383 (Wikidata),
c_bramber_castle,Bramber Castle,Castle,50.8838,-0.3163,1,Built 1070 (Wikidata),
c_maxstoke_castle,Maxstoke Castle,Castle,52.4994,-1.6717,1,Built 1345 (Wikidata),
c_bolingbroke_castle,Bolingbroke Castle,Castle,53.1651,0.0169,1,Built 1220 (Wikidata),
c_shotwick_castle,Shotwick Castle,Castle,53.2272,-2.9761,1,Built 1093 (Wikidata),
c_old_bewick_tower,Old Bewick Tower,Castle,55.4870,-1.8957,1,Built 1400 (Wikidata),
c_moot_hall,Moot Hall,Castle,51.7316,0.6773,1,Built 1420 (Wikidata),
c_triermain_castle,Triermain Castle,Castle,54.9941,-2.6350,1,Built 1157 (Wikidata),
c_leicester_castle,Leicester Castle,Castle,52.6323,-1.1412,1,Built 1060 (Wikidata),
c_danby_castle,Danby Castle,Castle,54.4555,-0.8952,1,Built 1302 (Wikidata),
c_greys_court,Greys Court,Castle,51.5450,-0.9562,1,Built 1348 (Wikidata),
c_beverston_castle,Beverston Castle,Castle,51.6476,-2.2000,1,Built 1225 (Wikidata),
c_ascot_d_oilly_castle,Ascot d'Oilly Castle,Castle,51.8689,-1.5638,1,Built 1129 (Wikidata),
c_baynard_s_castle,Baynard's Castle,Castle,51.5114,-0.1000,1,Built 1017 (Wikidata),
c_launceston_castle,Launceston Castle,Castle,50.6376,-4.3614,1,Built 1067 (Wikidata),
c_pembridge_castle,Pembridge Castle,Castle,51.8686,-2.7437,1,Built 1208 (Wikidata),
c_wolvesey_castle,Wolvesey Castle,Castle,51.0592,-1.3100,1,Built 0970 (Wikidata),
c_marlborough_castle,Marlborough Castle,Castle,51.4167,-1.7372,1,Built 1067 (Wikidata),
c_carisbrooke_castle,Carisbrooke Castle,Castle,50.6875,-1.3139,1,Built 1100 (Wikidata),
c_odiham_castle,Odiham Castle,Castle,51.2614,-0.9616,1,Built 1207 (Wikidata),
c_taunton_castle,Taunton Castle,Castle,51.0153,-3.1138,1,Built 1129 (Wikidata),
c_tiverton_castle,Tiverton Castle,Castle,50.9063,-3.4888,1,Built 1100 (Wikidata),
c_berkeley_castle,Berkeley Castle,Castle,51.6886,-2.4569,1,Built 1067 (Wikidata),
c_st_briavels_castle,St Briavels Castle,Castle,51.7382,-2.6408,1,Built 1292 (Wikidata),
c_worcester_castle,Worcester Castle,Castle,52.1861,-2.2214,1,Built 1069 (Wikidata),
c_guildford_castle,Guildford Castle,Castle,51.2339,-0.5727,1,Built 1100 (Wikidata),
c_arundel_castle,Arundel Castle,Castle,50.8561,-0.5536,1,Built 1067 (Wikidata),
c_wilton_castle,Wilton Castle,Castle,51.9165,-2.5970,1,Built 1200 (Wikidata),
c_donnington_castle,Donnington Castle,Castle,51.4197,-1.3381,1,Built 1386 (Wikidata),
c_restormel_castle,Restormel Castle,Castle,50.4217,-4.6704,1,Built 1100 (Wikidata),
c_bridgwater_castle,Bridgwater Castle,Castle,51.1295,-3.0041,1,Built 1202 (Wikidata),
c_goodrich_castle,Goodrich Castle,Castle,51.8767,-2.6157,1,Built 1001 (Wikidata),
c_muncaster_castle,Muncaster Castle,Castle,54.3547,-3.3809,1,Built 1258 (Wikidata),
c_kimbolton_castle,Kimbolton Castle,Castle,52.2956,-0.3872,1,Built 1200 (Wikidata),
c_lancaster_castle,Lancaster Castle,Castle,54.0498,-2.8056,1,Built 1093 (Wikidata),
c_allington_castle,Allington Castle,Castle,51.2933,0.5117,1,Built 1279 (Wikidata),
c_dover_castle,Dover Castle,Castle,51.1283,1.3235,1,Built 1179 (Wikidata),
c_peveril_castle,Peveril Castle,Castle,53.3402,-1.7772,1,Built 1080 (Wikidata),
c_richmond_castle,Richmond Castle,Castle,54.4022,-1.7375,1,Built 1071 (Wikidata),
c_bletsoe_castle,Bletsoe Castle,Castle,52.2144,-0.5013,1,Built 1327 (Wikidata),
c_herstmonceux_castle,Herstmonceux Castle,Castle,50.8702,0.3392,1,Built 1401 (Wikidata),
c_rochester_castle,Rochester Castle,Castle,51.3898,0.5016,1,Built 1087 (Wikidata),
c_manchester_castle,Manchester Castle,Castle,53.4868,-2.2419,1,Built 1184 (Wikidata),
c_castle_acre_castle,Castle Acre Castle,Castle,52.7031,0.6933,1,Built 1140 (Wikidata),
c_cheveley_castle,Cheveley Castle,Castle,52.2244,0.4564,1,Built 1341 (Wikidata),
c_halton_castle,Halton Castle,Castle,53.3331,-2.6958,1,Built 1001 (Wikidata),
c_saltwood_castle,Saltwood Castle,Castle,51.0817,1.0848,1,Built 1100 (Wikidata),
c_weeting_castle,Weeting Castle,Castle,52.4711,0.6163,1,Built 1180 (Wikidata),
c_clifton_castle,Clifton Castle,Castle,54.2536,-1.6667,1,Built 1320 (Wikidata),
c_helmsley_castle,Helmsley Castle,Castle,54.2447,-1.0639,1,Built 1385 (Wikidata),
c_conisbrough_castle,Conisbrough Castle,Castle,53.4843,-1.2261,1,Built 1100 (Wikidata),
c_pendragon_castle,Pendragon Castle,Castle,54.4187,-2.3377,1,Built 1101 (Wikidata),
c_clitheroe_castle,Clitheroe Castle,Castle,53.8709,-2.3931,1,Built 1200 (Wikidata),
c_chester_castle,Chester Castle,Castle,53.1853,-2.8923,1,Built 1069 (Wikidata),
c_belsay_castle,Belsay Castle,Castle,55.1020,-1.8690,1,Built 1439 (Wikidata),
c_ypres_tower,Ypres Tower,Castle,50.9498,0.7356,1,Built 1249 (Wikidata),
c_liverpool_castle,Liverpool Castle,Castle,53.4049,-2.9889,1,Built 1237 (Wikidata),
c_brough_castle,Brough Castle,Castle,54.5218,-2.3235,1,Built 1092 (Wikidata),
c_durham_castle,Durham Castle,Castle,54.7749,-1.5756,1,Built 1072 (Wikidata),
c_tamworth_castle,Tamworth Castle,Castle,52.6325,-1.6964,1,Built 1070 (Wikidata),
c_norham_castle,Norham Castle,Castle,55.7218,-2.1508,1,Built 1121 (Wikidata),
c_gresham_castle,Gresham Castle,Castle,52.8965,1.2197,1,Built 1318 (Wikidata),
c_castle_rising_castle,Castle Rising Castle,Castle,52.7929,0.4690,1,Built 1138 (Wikidata),
c_shrewsbury_castle,Shrewsbury Castle,Castle,52.7107,-2.7494,1,Built 1070 (Wikidata),
c_leeds_castle,Leeds Castle,Castle,51.2489,0.6300,1,Built 1119 (Wikidata),
c_rockingham_castle,Rockingham Castle,Castle,52.5129,-0.7240,1,Built 1000 (Wikidata),
c_belvoir_castle,Belvoir Castle,Castle,52.8945,-0.7826,1,Built 1067 (Wikidata),
c_pevensey_castle,Pevensey Castle,Castle,50.8192,0.3331,1,Built 1066 (Wikidata),
c_penrith_castle,Penrith Castle,Castle,54.6621,-2.7573,1,Built 1399 (Wikidata),
c_appleby_castle,Appleby Castle,Castle,54.5742,-2.4888,1,Built 1120 (Wikidata),
c_sudeley_castle,Sudeley Castle,Castle,51.9472,-1.9561,1,Built 1443 (Wikidata),
c_hertford_castle,Hertford Castle,Castle,51.7953,-0.0802,1,Built 1066 (Wikidata),
c_lympne_castle,Lympne Castle,Castle,51.0722,1.0236,1,Built 1080 (Wikidata),
c_aydon_castle,Aydon Castle,Castle,54.9914,-1.9994,1,Built 1296 (Wikidata),
c_canterbury_castle,Canterbury Castle,Castle,51.2757,1.0746,1,Built 1135 (Wikidata),
c_colchester_castle,Colchester Castle,Castle,51.8906,0.9030,1,Built 1069 (Wikidata),
c_thurland_castle,Thurland Castle,Castle,54.1520,-2.5978,1,Built 1400 (Wikidata),
c_northampton_castle,Northampton Castle,Castle,52.2371,-0.9049,1,Built 1084 (Wikidata),
c_auckland_castle,Auckland Castle,Castle,54.6664,-1.6706,1,Built 1183 (Wikidata),
c_folkestone_castle,Folkestone Castle,Castle,51.0985,1.1608,1,Built 1095 (Wikidata),
c_newark_castle,Newark Castle,Castle,53.0775,-0.8124,1,Built 1130 (Wikidata),
c_knaresborough_castle,Knaresborough Castle,Castle,54.0069,-1.4689,1,Built 1100 (Wikidata),
c_newcastle_upon_tyne_castle,Newcastle upon Tyne Castle,Castle,54.9688,-1.6104,1,Built 1080 (Wikidata),
c_caister_castle,Caister Castle,Castle,52.6505,1.7011,1,Built 1432 (Wikidata),
c_orford_castle,Orford Castle,Castle,52.0942,1.5307,1,Built 1165 (Wikidata),
c_hadleigh_castle,Hadleigh Castle,Castle,51.5444,0.6090,1,Built 1230 (Wikidata),
v_bamburgh,Bamburgh,Village,55.6040,-1.7220,1,Village under the royal castle; besieged 1464,Bamburgh
v_warkworth,Warkworth,Village,55.3450,-1.6110,1,Percy castle village on the Coquet,"Warkworth, Northumberland"
v_norham,Norham,Village,55.7180,-2.1580,1,Border castle on the Tweed (Prince-Bishop),Norham
v_alnwick,Alnwick,Village,55.4134,-1.7069,1,Percy seat: the market below Alnwick Castle,Alnwick
v_chester_le_street,Chester-le-Street,Village,54.8594,-1.5699,1,Great North Road stop; old home of St Cuthbert,Chester-le-Street
v_whickham,Whickham,Village,54.9460,-1.6761,1,Coal pits on the Tyne (work: mining),Whickham
v_brough,Brough,Village,54.5256,-2.3188,1,Castle on the Stainmore road,"Brough, Cumbria"
v_shap,Shap,Village,54.5290,-2.6760,1,Abbey and the high pass on the Carlisle road,Shap
v_cockermouth,Cockermouth,Village,54.6613,-3.3620,1,Percy castle village,Cockermouth
v_keswick,Keswick,Village,54.6008,-3.1375,1,Lakes village under Skiddaw,"Keswick, Cumbria"
v_brampton,Brampton,Village,54.9409,-2.7329,1,Village below Naworth (the Dacres),"Brampton, Carlisle"
v_bowness_on_windermere,Bowness-on-Windermere,Village,54.3644,-2.9181,1,Ferry and fishing on Windermere,Bowness-on-Windermere
v_catterick,Catterick,Village,54.3770,-1.6300,1,Swale crossing on the Stainmore road,"Catterick, North Yorkshire"
v_helmsley,Helmsley,Village,54.2472,-1.0586,1,Castle village by Rievaulx Abbey,Helmsley
v_reeth,Reeth,Village,54.3892,-1.9422,1,Swaledale lead mining (work: mining),Reeth
v_ferrybridge,Ferrybridge,Village,53.7140,-1.2810,1,Aire crossing; battle 1461,Ferrybridge
v_conisbrough,Conisbrough,Village,53.4790,-1.2270,1,The Duke of York's castle,Conisbrough
v_settle,Settle,Village,54.0681,-2.2778,1,Aire Gap road; Pennine sheep market,"Settle, North Yorkshire"
v_warrington,Warrington,Village,53.3900,-2.5900,1,The Mersey bridge on the Carlisle road,Warrington
v_wigan,Wigan,Village,53.5448,-2.6318,1,Carlisle road stop,Wigan
v_clitheroe,Clitheroe,Village,53.8711,-2.3916,1,Duchy of Lancaster castle,Clitheroe
v_lathom,Lathom,Village,53.5900,-2.8200,1,Seat of the Stanleys,Lathom
v_nantwich,Nantwich,Village,53.0667,-2.5219,1,Salt works (work: salt),Nantwich
v_kingsland,Kingsland,Village,52.2482,-2.8103,1,Battle of Mortimer's Cross 1461,"Kingsland, Herefordshire"
v_wigmore,Wigmore,Village,52.3164,-2.8612,1,Mortimer castle (York's inheritance),"Wigmore, Herefordshire"
v_leominster,Leominster,Village,52.2282,-2.7385,1,Priory and wool; March road,Leominster
v_ross_on_wye,Ross-on-Wye,Village,51.9140,-2.5870,1,Wye crossing on the March road,Ross-on-Wye
v_bridgnorth,Bridgnorth,Village,52.5350,-2.4195,1,Castle and Severn crossing,Bridgnorth
v_market_drayton,Market Drayton,Village,52.9044,-2.4848,1,Near Blore Heath 1459,Market Drayton
v_whitchurch,Whitchurch,Village,52.9690,-2.6820,1,March road stop; Talbot manor,"Whitchurch, Shropshire"
v_kenilworth,Kenilworth,Village,52.3410,-1.5660,1,Duchy castle; the Queen's court nearby,Kenilworth
v_coleshill,Coleshill,Village,52.4990,-1.7080,1,Chester road stop,"Coleshill, Warwickshire"
v_droitwich,Droitwich,Village,52.2670,-2.1530,1,Salt works (work: salt),Droitwich Spa
v_newcastle_under_lyme,Newcastle-under-Lyme,Village,53.0109,-2.2278,1,Road junction: Chester and Carlisle roads,Newcastle-under-Lyme
v_tutbury,Tutbury,Village,52.8540,-1.6860,1,Duchy of Lancaster castle,Tutbury
v_birmingham,Birmingham,Village,52.4800,-1.9025,1,Small market and metalworkers (a known name),Birmingham
v_market_bosworth,Market Bosworth,Village,52.6239,-1.4017,1,Battle of Bosworth 1485,Market Bosworth
v_east_stoke,East Stoke,Village,53.0390,-0.8780,1,Battle of Stoke Field 1487,"East Stoke, Nottinghamshire"
v_edgcote,Edgcote,Village,52.1260,-1.2650,1,Battle of Edgecote 1469,Edgcote
v_towcester,Towcester,Village,52.1300,-0.9900,1,Watling Street stop,Towcester
v_mansfield,Mansfield,Village,53.1444,-1.1964,1,Sherwood Forest village; the Nottingham road,Mansfield
v_castleton,Castleton,Village,53.3440,-1.7750,1,Peveril Castle; Peak lead mining (work: mining),"Castleton, Derbyshire"
v_market_harborough,Market Harborough,Village,52.4775,-0.9206,1,Nottingham road stop,Market Harborough
v_tattershall,Tattershall,Village,53.1040,-0.1906,1,Lord Cromwell's brick castle,Tattershall
v_crowland,Crowland,Village,52.6758,-0.1683,1,Fen abbey; eel-catchers (work: fens),Crowland
v_st_ives,St Ives,Village,52.3344,-0.0761,1,Great fair on the Great Ouse,"St Ives, Cambridgeshire"
v_empingham,Empingham,Village,52.6664,-0.5964,1,Battle of Losecote Field 1470,Empingham
v_caister_on_sea,Caister-on-Sea,Village,52.6510,1.7330,1,Fastolf's castle; the siege of 1469,Caister-on-Sea
v_paston,Paston,Village,52.8578,1.4499,1,Home of the Pastons (the Paston letters),"Paston, Norfolk"
v_little_walsingham,Little Walsingham,Village,52.8940,0.8740,1,England's great pilgrimage shrine,Little Walsingham
v_framlingham,Framlingham,Village,52.2221,1.3434,1,Mowbray (Duke of Norfolk) castle,Framlingham
v_dunwich,Dunwich,Village,52.2775,1.6311,1,Great port being eaten by the sea,Dunwich
v_clare,Clare,Village,52.0800,0.5800,1,The Duke of York's honour of Clare,"Clare, Suffolk"
v_waltham_abbey,Waltham Abbey,Village,51.6846,0.0004,1,Great abbey; road north,Waltham Abbey
v_castle_hedingham,Castle Hedingham,Village,51.9910,0.6040,1,De Vere (Earl of Oxford) castle,Castle Hedingham
v_eton,Eton,Village,51.4881,-0.6092,1,Henry VI's new college (1440),"Eton, Berkshire"
v_ewelme,Ewelme,Village,51.6210,-1.0710,1,"Alice Chaucer, Duchess of Suffolk",Ewelme
v_wallingford,Wallingford,Village,51.5990,-1.1250,1,Castle and Thames crossing,"Wallingford, Oxfordshire"
v_woodstock,Woodstock,Village,51.8478,-1.3542,1,Royal palace and park,"Woodstock, Oxfordshire"
v_henley_on_thames,Henley-on-Thames,Village,51.5357,-0.9030,1,Thames river port,Henley-on-Thames
v_newbury,Newbury,Village,51.4010,-1.3230,1,Cloth; Bristol road stop,"Newbury, Berkshire"
v_dartford,Dartford,Village,51.4444,0.2172,1,Dover road; York's rising of 1452,Dartford
v_faversham,Faversham,Village,51.3177,0.8928,1,Abbey and port on the Dover road,Faversham
v_tonbridge,Tonbridge,Village,51.1987,0.2764,1,Buckingham's castle,Tonbridge
v_battle,Battle,Village,50.9200,0.4800,1,Battle Abbey (1066),"Battle, East Sussex"
v_winchelsea,Winchelsea,Village,50.9251,0.7088,1,Cinque port raided by the French,Winchelsea
v_herstmonceux,Herstmonceux,Village,50.8900,0.3200,1,New brick castle (1441),Herstmonceux
v_beaulieu,Beaulieu,Village,50.8183,-1.4519,1,"Abbey sanctuary (Queen Margaret, 1471)","Beaulieu, Hampshire"
v_weymouth,Weymouth,Village,50.6097,-2.4547,1,Where Queen Margaret landed in 1471,"Weymouth, Dorset"
v_corfe_castle,Corfe Castle,Village,50.6385,-2.0573,1,Beaufort castle,Corfe Castle (village)
v_shaftesbury,Shaftesbury,Village,51.0059,-2.1969,1,Great nunnery; western road,Shaftesbury
v_sherborne,Sherborne,Village,50.9469,-2.5171,1,Abbey and castle; western road,Sherborne
v_chipping_campden,Chipping Campden,Village,52.0520,-1.7790,1,Cotswold wool merchants,Chipping Campden
v_northleach,Northleach,Village,51.8290,-1.8374,1,Cotswold wool; Gloucester road,Northleach
v_stow_on_the_wold,Stow-on-the-Wold,Village,51.9300,-1.7225,1,Fosse Way sheep fair,Stow-on-the-Wold
v_berkeley,Berkeley,Village,51.6910,-2.4590,1,Berkeley Castle (the Berkeley feud),"Berkeley, Gloucestershire"
v_winchcombe,Winchcombe,Village,51.9550,-1.9650,1,Abbey; Sudeley Castle,Winchcombe
v_glastonbury,Glastonbury,Village,51.1475,-2.7175,1,Village of the great abbey,Glastonbury
v_dunster,Dunster,Village,51.1825,-3.4459,1,Luttrell castle and port,Dunster
c_bristol_castle,Bristol Castle,Castle,51.4559,-2.5882,1,,Bristol Castle
c_framlingham_castle,Framlingham Castle,Castle,52.2240,1.3469,1,,Framlingham Castle
c_scarborough_castle,Scarborough Castle,Castle,54.2870,-0.3880,1,,Scarborough Castle
c_pickering_castle,Pickering Castle,Castle,54.2500,-0.7756,1,,Pickering Castle
c_tutbury_castle,Tutbury Castle,Castle,52.8595,-1.6906,1,,Tutbury Castle
c_naworth_castle,Naworth Castle,Castle,54.9556,-2.6889,1,,Naworth Castle
c_cockermouth_castle,Cockermouth Castle,Castle,54.6655,-3.3612,1,,Cockermouth Castle
c_brancepeth_castle,Brancepeth Castle,Castle,54.7333,-1.6500,1,,Brancepeth Castle
c_barnard_castle_castle,Barnard Castle,Castle,54.5433,-1.9267,1,,Barnard Castle (castle)
c_wigmore_castle,Wigmore Castle,Castle,52.3177,-2.8714,1,,Wigmore Castle
c_stafford_castle,Stafford Castle,Castle,52.7973,-2.1468,1,,Stafford Castle
c_tonbridge_castle,Tonbridge Castle,Castle,51.1971,0.2721,1,,Tonbridge Castle
c_hedingham_castle,Hedingham Castle,Castle,51.9925,0.6011,1,,Hedingham Castle
c_dunster_castle,Dunster Castle,Castle,51.1809,-3.4449,1,,Dunster Castle
rh_hexham_abbey,Hexham Abbey,Abbey,54.9720,-2.1030,1,,Hexham Abbey
rh_tynemouth_priory,Tynemouth Priory,Abbey,55.0175,-1.4189,1,,Tynemouth Priory and Castle
rh_selby_abbey,Selby Abbey,Abbey,53.7844,-1.0681,1,,Selby Abbey
rh_peterborough_abbey,Peterborough Abbey,Abbey,52.5725,-0.2389,1,,Peterborough Cathedral
rh_leicester_abbey,Leicester Abbey,Abbey,52.6489,-1.1369,1,,Leicester Abbey
rh_delapre_abbey,Delapre Abbey,Abbey,52.2247,-0.8895,1,,Delapré Abbey
rh_syon_abbey,Syon Abbey,Abbey,51.4767,-0.3119,1,,Syon Abbey
rh_romsey_abbey,Romsey Abbey,Abbey,50.9897,-1.5014,1,,Romsey Abbey
rh_sherborne_abbey,Sherborne Abbey,Abbey,50.9467,-2.5167,1,,Sherborne Abbey
carlisle_cathedral,Carlisle Cathedral,Cathedral,54.8947,-2.9386,1,Cathedral of the border city,Carlisle Cathedral
hereford_cathedral,Hereford Cathedral,Cathedral,52.0542,-2.7160,1,Its great map of the world (c. 1300),Hereford Cathedral
chichester_cathedral,Chichester Cathedral,Cathedral,50.8363,-0.7808,1,Cathedral of Sussex,Chichester Cathedral
rochester_cathedral,Rochester Cathedral,Cathedral,51.3890,0.5033,1,Cathedral on the Dover road,Rochester Cathedral
coventry_cathedral,Coventry Cathedral Priory,Cathedral,52.4089,-1.5085,2,St Mary's: cathedral shared with Lichfield (demolished in the 1540s),St Mary's Priory and Cathedral
bath_cathedral,Bath Cathedral Priory,Cathedral,51.3814,-2.3589,1,Cathedral shared with Wells,Bath Abbey
battle_nibley_green,Nibley Green (1470),Battle,51.6600,-2.3985,1,"Skirmish: the Berkeley-Lisle feud, the last private battle in England",Battle of Nibley Green
battle_heworth_moor,Heworth Moor (1453),Battle,53.9690,-1.0430,1,Skirmish: the Percys ambush the Nevilles' wedding party (before the game starts),Battle of Heworth Moor
battle_stamford_bridge_1454,Stamford Bridge (1454),Battle,53.9900,-0.9120,1,Skirmish: Nevilles against Percys (before the game starts),Battle of Stamford Bridge (1454)
devils_arrows,Devil's Arrows,Landmark,54.0929,-1.4037,2,Three huge standing stones by Boroughbridge,Devil's Arrows
rudston_monolith,Rudston Monolith,Landmark,54.0939,-0.3226,1,"Tallest standing stone in Britain (7.6 m), in a churchyard",Rudston Monolith
long_meg,Long Meg and Her Daughters,Landmark,54.7279,-2.6677,1,Stone circle: a witch and her coven turned to stone,Long Meg and Her Daughters
arbor_low,Arbor Low,Landmark,53.1689,-1.7617,1,Henge on the Peak moors,Arbor Low
stanton_drew,Stanton Drew,Landmark,51.3671,-2.5760,1,Stone circles: a wedding party turned to stone,Stanton Drew stone circles
wroxeter,Wroxeter,Landmark,52.6742,-2.6442,1,Ruins of a Roman city; the Old Work still standing,Wroxeter Roman City
richborough,Richborough,Landmark,51.2940,1.3320,1,Walls of a Roman fort by the Wantsum,Richborough Roman Fort
geddington_cross,Geddington Eleanor Cross,Landmark,52.4380,-0.6870,1,Stone cross of Edward I for Queen Eleanor (1290s),Geddington
hardingstone_cross,Hardingstone Eleanor Cross,Landmark,52.2104,-0.8795,1,Queen Eleanor's cross by the Northampton battlefield of 1460,Hardingstone
wakefield_bridge_chapel,Wakefield Bridge Chapel,Landmark,53.6760,-1.4890,1,"Chapel on the bridge (1350s); York's son Edmund killed near it, 1460","Chantry Chapel of St Mary the Virgin, Wakefield"
guys_cliffe,Guy's Cliffe,Landmark,52.2988,-1.5723,1,Cave of the hero Guy of Warwick; the Earl's chapel and statue (1420s),Guy's Cliffe
aysgarth_falls,Aysgarth Falls,Nature,54.2936,-1.9822,1,Waterfalls of the Ure in Wensleydale,Aysgarth Falls
hardraw_force,Hardraw Force,Nature,54.3210,-2.2018,1,Tallest single-drop waterfall in England,Hardraw Force
forest_of_galtres,Forest of Galtres,Area,54.0600,-1.1200,1,Royal forest beside York,Forest of Galtres
inglewood_forest,Inglewood Forest,Area,54.7500,-2.8700,1,Royal forest near Carlisle,Inglewood Forest
rockingham_forest,Rockingham Forest,Area,52.5000,-0.6500,1,Royal forest of Northamptonshire,Rockingham Forest
windsor_forest,Windsor Forest,Area,51.4200,-0.7000,1,Royal forest round Windsor,Windsor Forest
savernake_forest,Savernake Forest,Area,51.3833,-1.6833,1,Royal forest by Marlborough,Savernake Forest
wensleydale_area,Wensleydale,Area,54.3050,-2.1300,2,The Neville dale: the game's first region,Wensleydale
barnsdale,Barnsdale,Area,53.6200,-1.2500,1,Robin Hood's haunt in A Gest of Robyn Hode (c. 1450),Barnsdale
