Id,Decision,Note
westminster,part_of:london,"Laid out with London as one site at 1:3, kept apart along the Strand"
leeds,village,Small in 1455: comes back as a village (to decide with the villages)
manchester,village,Small in 1455: comes back as a village (to decide with the villages)
liverpool,village,Small in 1455: comes back as a village (to decide with the villages)
sheffield,village,Small in 1455: comes back as a village (to decide with the villages)
halifax,village,Small in 1455: comes back as a village (to decide with the villages)
morpeth,cut,Small market town with no part in the story; can return as a village or hamlet
darlington,cut,Small market town with no part in the story; can return as a village or hamlet
hartlepool,cut,Small market town with no part in the story; can return as a village or hamlet
appleby,cut,Small market town with no part in the story; can return as a village or hamlet
barnard_castle,cut,Small market town with no part in the story; can return as a village or hamlet
northallerton,cut,Small market town with no part in the story; can return as a village or hamlet
thirsk,cut,Small market town with no part in the story; can return as a village or hamlet
malton,cut,Small market town with no part in the story; can return as a village or hamlet
pickering,cut,Small market town with no part in the story; can return as a village or hamlet
knaresborough,cut,Small market town with no part in the story; can return as a village or hamlet
selby,cut,Small market town with no part in the story; can return as a village or hamlet
grimsby,cut,Small market town with no part in the story; can return as a village or hamlet
louth,cut,Small market town with no part in the story; can return as a village or hamlet
gainsborough,cut,Small market town with no part in the story; can return as a village or hamlet
grantham,cut,Small market town with no part in the story; can return as a village or hamlet
derby,cut,Small market town with no part in the story; can return as a village or hamlet
burton,cut,Small market town with no part in the story; can return as a village or hamlet
tamworth,cut,Small market town with no part in the story; can return as a village or hamlet
huntingdon,cut,Small market town with no part in the story; can return as a village or hamlet
peterborough,cut,Small market town with no part in the story; can return as a village or hamlet
thetford,cut,Small market town with no part in the story; can return as a village or hamlet
sudbury,cut,Small market town with no part in the story; can return as a village or hamlet
stratford,cut,Small market town with no part in the story; can return as a village or hamlet
evesham,cut,Small market town with no part in the story; can return as a village or hamlet
bedford,cut,Small market town with no part in the story; can return as a village or hamlet
chelmsford,cut,Small market town with no part in the story; can return as a village or hamlet
hertford,cut,Small market town with no part in the story; can return as a village or hamlet
ware,cut,Small market town with no part in the story; can return as a village or hamlet
dunstable,cut,Small market town with no part in the story; can return as a village or hamlet
abingdon,cut,Small market town with no part in the story; can return as a village or hamlet
kingston,cut,Small market town with no part in the story; can return as a village or hamlet
marlborough,cut,Small market town with no part in the story; can return as a village or hamlet
devizes,cut,Small market town with no part in the story; can return as a village or hamlet
maidstone,cut,Small market town with no part in the story; can return as a village or hamlet
guildford,cut,Small market town with no part in the story; can return as a village or hamlet
lewes,cut,Small market town with no part in the story; can return as a village or hamlet
hastings,cut,Small market town with no part in the story; can return as a village or hamlet
arundel,cut,Small market town with no part in the story; can return as a village or hamlet
portsmouth,cut,Small market town with no part in the story; can return as a village or hamlet
poole,cut,Small market town with no part in the story; can return as a village or hamlet
dorchester,cut,Small market town with no part in the story; can return as a village or hamlet
taunton,cut,Small market town with no part in the story; can return as a village or hamlet
