Name,Lat,Lon
Alconbury,52.3600,-0.2600
"Alton, Hampshire",51.1498,-0.9769
"Andover, Hampshire",51.2080,-1.4800
Andoversford,51.8600,-1.9700
Bagshot,51.3607,-0.6982
Baldock,51.9900,-0.1900
Basingstoke,51.2667,-1.0876
Bawtry,53.4278,-1.0167
"Belford, Northumberland",55.5980,-1.8280
Biggleswade,52.0855,-0.2557
Blandford Forum,50.8560,-2.1650
Boroughbridge,54.0942,-1.3978
Bowes,54.5160,-2.0090
Bradford,53.7944,-1.7519
Brentford,51.4860,-0.3100
"Brentwood, Essex",51.6200,0.3050
Bridgnorth,52.5350,-2.4195
Brinklow,52.4091,-1.3634
"Brough, Cumbria",54.5256,-2.3188
"Buckden, Cambridgeshire",52.2934,-0.2524
Burford,51.8080,-1.6370
Calne,51.4380,-2.0050
"Catterick, North Yorkshire",54.3770,-1.6300
"Chard, Somerset",50.8728,-2.9587
Chester-le-Street,54.8594,-1.5699
Chippenham,51.4590,-2.1160
Church Stretton,52.5390,-2.8080
"Coleshill, Warwickshire",52.4990,-1.7080
Colnbrook,51.4835,-0.5221
Crewkerne,50.8820,-2.7900
Dartford,51.4444,0.2172
Daventry,52.2578,-1.1628
Dorking,51.2325,-0.3306
Downham Market,52.6000,0.3900
Easingwold,54.1214,-1.1922
"East Stoke, Nottinghamshire",53.0390,-0.8780
Eaton Socon,52.2200,-0.2900
Edgware,51.6185,-0.2729
Ewell,51.3500,-0.2490
Farnham,51.2150,-0.7990
Faversham,51.3177,0.8928
Ferrybridge,53.7140,-1.2810
Garstang,53.9030,-2.7670
Haltwhistle,54.9700,-2.4580
"Hatfield, Hertfordshire",51.7636,-0.2258
High Wycombe,51.6287,-0.7482
Highgate,51.5716,-0.1448
Holmes Chapel,53.2040,-2.3530
Honiton,50.8000,-3.1900
Hounslow,51.4668,-0.3750
Hungerford,51.4140,-1.5150
Ilchester,51.0011,-2.6825
Keighley,53.8670,-1.9110
Keynsham,51.4135,-2.4968
Kidderminster,52.3885,-2.2490
Kirkby Lonsdale,54.2010,-2.5970
Lamberhurst,51.0970,0.3930
Leominster,52.2282,-2.7385
Loughborough,52.7725,-1.2078
Maidenhead,51.5230,-0.7220
Mansfield,53.1444,-1.1964
Market Harborough,52.4775,-0.9206
Market Rasen,53.3871,-0.3355
Market Weighton,53.8642,-0.6624
Moreton-in-Marsh,51.9880,-1.7010
Nantwich,53.0667,-2.5219
"Newbury, Berkshire",51.4010,-1.3230
Newcastle-under-Lyme,53.0109,-2.2278
"Newmarket, Suffolk",52.2459,0.4105
Northleach,51.8290,-1.8374
Pulborough,50.9600,-0.5100
Retford,53.3228,-0.9431
Romford,51.5768,0.1801
Ross-on-Wye,51.9140,-2.5870
"Royston, Hertfordshire",52.0471,-0.0202
Rugeley,52.7599,-1.9388
Scole,52.3660,1.1560
"Settle, North Yorkshire",54.0681,-2.2778
Sevenoaks,51.2781,0.1874
Shaftesbury,51.0059,-2.1969
Shap,54.5290,-2.6760
Sherborne,50.9469,-2.5171
Sittingbourne,51.3400,0.7400
Sleaford,52.9960,-0.4130
Staines-upon-Thames,51.4340,-0.5110
Stevenage,51.9017,-0.2019
Stilton,52.4892,-0.2924
"Stockbridge, Hampshire",51.1140,-1.4906
Stokenchurch,51.6590,-0.8960
"Stone, Staffordshire",52.9080,-2.1444
Stony Stratford,52.0567,-0.8526
Stow-on-the-Wold,51.9300,-1.7225
"Sudbury, Suffolk",52.0417,0.7282
Tetsworth,51.7100,-1.0090
Thetford,52.4100,0.7400
Tickhill,53.4305,-1.1135
Tonbridge,51.1987,0.2764
Towcester,52.1300,-0.9900
Tuxford,53.2310,-0.8980
Uxbridge,51.5404,-0.4778
Waltham Cross,51.6860,-0.0331
Warrington,53.3900,-2.5900
"Wellington, Somerset",50.9755,-3.2243
Wentbridge,53.6480,-1.2600
"Wheatley, Oxfordshire",51.7470,-1.1390
"Whitchurch, Shropshire",52.9690,-2.6820
Widmerpool,52.8500,-1.0600
Wigan,53.5448,-2.6318
Witney,51.7800,-1.4900
Worksop,53.3042,-1.1244
