Name,Kind,Lat,Lon,Dissolved,Wikidata
Tupholme Abbey,abbey,53.199,-0.288,1536,http://www.wikidata.org/entity/Q7853532
Evesham Abbey,abbey,52.0913,-1.9468,1539,http://www.wikidata.org/entity/Q2564352
Darley Abbey (remains of),abbey,52.9419,-1.47681,1538,http://www.wikidata.org/entity/Q17642165
Boxley Abbey,abbey,51.3002,0.52479,1538,http://www.wikidata.org/entity/Q895699
Coggeshall Abbey,abbey,51.8683,0.692783,1538,http://www.wikidata.org/entity/Q1106952
Wardon Abbey,abbey,52.0817,-0.36608,1537,http://www.wikidata.org/entity/Q939928
Croxden Abbey,abbey,52.954444444,-1.903611111,1538,http://www.wikidata.org/entity/Q1141824
Medmenham Abbey,abbey,51.55194444,-0.82388889,1536,http://www.wikidata.org/entity/Q15120038
Humberston Abbey,abbey,53.5274,-0.024185,1536,http://www.wikidata.org/entity/Q17677618
Alcester Abbey,abbey,52.219,-1.87286,1536,http://www.wikidata.org/entity/Q15179103
Monkwearmouth-Jarrow Abbey,abbey,54.980389,-1.472228,1536,http://www.wikidata.org/entity/Q2101170
Abingdon Abbey,abbey,51.6706,-1.27528,1538,http://www.wikidata.org/entity/Q2820496
Blanchland Abbey,abbey,54.8483,-2.05395,1539,http://www.wikidata.org/entity/Q4924929
Hailes Abbey,abbey,51.968333333,-1.928055555,1539,http://www.wikidata.org/entity/Q1478728
Rufford Abbey,abbey,53.1753,-1.03556,1536,http://www.wikidata.org/entity/Q964363
Bury St Edmunds Abbey,abbey,52.2441,0.7192,1539,http://www.wikidata.org/entity/Q334286
Bordesley Abbey,abbey,52.3166,-1.93021,1538,http://www.wikidata.org/entity/Q893435
Garendon Abbey,abbey,52.7743,-1.2585,1536,http://www.wikidata.org/entity/Q1494181
Merevale Abbey,abbey,52.5771,-1.57014,1538,http://www.wikidata.org/entity/Q17550672
Eynsham Abbey,abbey,51.778611,-1.373889,1538,http://www.wikidata.org/entity/Q2820517
Sibton Abbey,abbey,52.2754,1.46535,1536,http://www.wikidata.org/entity/Q1517446
St. John's Abbey,abbey,51.8855,0.901297,1539,http://www.wikidata.org/entity/Q12067924
West Dereham Abbey,abbey,52.5781,0.450275,1539,http://www.wikidata.org/entity/Q7984961
Hagnaby Abbey,abbey,53.302,0.225878,1536,http://www.wikidata.org/entity/Q5638768
Langley Abbey,abbey,52.5721,1.48543,1536,http://www.wikidata.org/entity/Q6486219
Rievaulx Abbey,abbey,54.2575,-1.11667,1538,http://www.wikidata.org/entity/Q1247496
Lindisfarne Priory,abbey,55.66916667,-1.80083333,1536,http://www.wikidata.org/entity/Q354305
Bourne Abbey,abbey,52.7663,-0.3756,1536,http://www.wikidata.org/entity/Q4950215
Thornton Abbey,abbey,53.6554,-0.310699,1539,http://www.wikidata.org/entity/Q7796509
Northampton Abbey,abbey,52.24,-0.9,1538,http://www.wikidata.org/entity/Q15262548
Croxton Abbey,abbey,52.85155278,-0.75776667,1538,http://www.wikidata.org/entity/Q5189630
Tilty Abbey,abbey,51.915509,0.325307,1536,http://www.wikidata.org/entity/Q2433739
Furness Abbey,abbey,54.1365,-3.19794,1537,http://www.wikidata.org/entity/Q1475061
Rewley Abbey,abbey,51.7543,-1.26815,1539,http://www.wikidata.org/entity/Q2147035
Beauchief Abbey,abbey,53.3326,-1.49988,1537,http://www.wikidata.org/entity/Q4877428
Easby Abbey,abbey,54.3978,-1.71671,1537,http://www.wikidata.org/entity/Q5327479
Vaudey Abbey,abbey,52.7822,-0.464444,1536,http://www.wikidata.org/entity/Q2511444
Whitby Abbey,abbey,54.488,-0.607508,1538,http://www.wikidata.org/entity/Q1469493
Denny Abbey,abbey,52.2936,0.186542,1536,http://www.wikidata.org/entity/Q732263
Thorney Abbey,abbey,52.6204,-0.1072,1539,http://www.wikidata.org/entity/Q7796399
Kirkstead Abbey,abbey,53.1388,-0.224585,1537,http://www.wikidata.org/entity/Q1293952
Lavendon Abbey,abbey,52.1728,-0.680823,1536,http://www.wikidata.org/entity/Q6502548
Langdon Abbey,abbey,51.173611,1.330278,1535,http://www.wikidata.org/entity/Q6485793
"St Radegund's Abbey, Poulton",abbey,51.1315,1.25157,1536,http://www.wikidata.org/entity/Q17641480
Whalley Abbey,abbey,53.8199,-2.41061,1537,http://www.wikidata.org/entity/Q1631088
Holmcultram Abbey,abbey,54.84468,-3.28189,1538,http://www.wikidata.org/entity/Q5883306
Kirkstall Abbey,abbey,53.82054,-1.60806,1539,http://www.wikidata.org/entity/Q1421579
Coverham Abbey,abbey,54.2732,-1.8387,1536,http://www.wikidata.org/entity/Q425711
Burton Abbey,abbey,52.8008,-1.62943,1539,http://www.wikidata.org/entity/Q5000801
Biddlesden Abbey,abbey,52.0539,-1.0797,1538,http://www.wikidata.org/entity/Q856913
Revesby Abbey,abbey,53.1284,-0.0603433,1538,http://www.wikidata.org/entity/Q17644012
Sawtry Abbey,abbey,52.42694444,-0.24166667,1536,http://www.wikidata.org/entity/Q2228362
Dorchester Abbey,abbey,51.6437,-1.1644,1536,http://www.wikidata.org/entity/Q5297593
"St Mary's Abbey, York",abbey,53.9622,-1.08796,1539,http://www.wikidata.org/entity/Q1426965
Alnwick Abbey,abbey,55.4198,-1.71934,1539,http://www.wikidata.org/entity/Q4734070
Waltham Abbey,abbey,51.6891,-0.00247054,1540,http://www.wikidata.org/entity/Q17646325
Dieulacres Abbey,abbey,53.118131,-2.026295,1538,http://www.wikidata.org/entity/Q178117
Dale Abbey,abbey,52.9443,-1.3504,1538,http://www.wikidata.org/entity/Q17525621
Pipewell Abbey,abbey,52.4625,-0.76111111,1538,http://www.wikidata.org/entity/Q1362788
Rocester Abbey,abbey,52.9512,-1.8353,1538,http://www.wikidata.org/entity/Q7353756
Hulton Abbey,abbey,53.0389,-2.14232,1538,http://www.wikidata.org/entity/Q1334635
Louth Park Abbey,abbey,53.3764,0.0349369,1536,http://www.wikidata.org/entity/Q1407361
Sawley Abbey,abbey,53.9134,-2.33944,1536,http://www.wikidata.org/entity/Q2228344
Byland Abbey,abbey,54.2017,-1.15838,1537,http://www.wikidata.org/entity/Q1018528
Swineshead Abbey,abbey,52.949344,-0.141805,1536,http://www.wikidata.org/entity/Q1437315
Newminster Abbey,abbey,55.166403,-1.704407,1537,http://www.wikidata.org/entity/Q17643670
St Benet's Abbey,abbey,52.6861,1.52462,1539,http://www.wikidata.org/entity/Q13414750
Cockersand Abbey,abbey,53.9766,-2.87483,1539,http://www.wikidata.org/entity/Q12055201
Thame Abbey,abbey,51.7279,-0.963279,1539,http://www.wikidata.org/entity/Q2408919
Bardney Abbey,abbey,53.2204,-0.3336,1538,http://www.wikidata.org/entity/Q4860175
"St Mary's Abbey, Kenilworth",abbey,52.3486,-1.58343,1539,http://www.wikidata.org/entity/Q7594236
Meaux Abbey,abbey,53.839,-0.341481,1539,http://www.wikidata.org/entity/Q1656610
Bisham Abbey,abbey,51.5577,-0.779852,1538,http://www.wikidata.org/entity/Q2985822
Roche Abbey,abbey,53.4021,-1.18418,1538,http://www.wikidata.org/entity/Q1314988
Wymondham Abbey,abbey,52.5703964,1.107395378,1538,http://www.wikidata.org/entity/Q8039988
Stratford Langthorne Abbey,abbey,51.5333,0.0,1538,http://www.wikidata.org/entity/Q1349656
Leiston Abbey,abbey,52.2214,1.5776,1537,http://www.wikidata.org/entity/Q6520258
Wendling Abbey,abbey,52.678,0.866892,1536,http://www.wikidata.org/entity/Q7982528
Godstow Abbey,abbey,51.778563,-1.299362,1539,http://www.wikidata.org/entity/Q17663596
Robertsbridge Abbey,abbey,50.9879,0.499152,1538,http://www.wikidata.org/entity/Q2159660
Faversham Abbey,abbey,51.316666666,0.895833333,1538,http://www.wikidata.org/entity/Q63480
Bolton Priory,abbey,53.9823,-1.88998,1540,http://www.wikidata.org/entity/Q17670883
Walsingham Priory,abbey,52.893666666,0.875611111,1538,http://www.wikidata.org/entity/Q7963862
Fountains Abbey,abbey,54.1097,-1.58139,1539,http://www.wikidata.org/entity/Q540237
Shap Abbey,abbey,54.5287,-2.69889,1540,http://www.wikidata.org/entity/Q2820725
St Albans Abbey,abbey,51.7493,-0.344068,1539,http://www.wikidata.org/entity/Q17645367
Newbo Abbey,abbey,52.9316,-0.719031,1536,http://www.wikidata.org/entity/Q7016964
Cirencester Abbey,abbey,51.7191,-1.966,1539,http://www.wikidata.org/entity/Q5121859
Calder Abbey,abbey,54.4441,-3.46466,1536,http://www.wikidata.org/entity/Q1018590
Halesowen Abbey,abbey,52.44357,-2.03697,1538,http://www.wikidata.org/entity/Q5641511
Stoneleigh Abbey,abbey,52.3385,-1.5337,1536,http://www.wikidata.org/entity/Q2351592
Egglestone Abbey,abbey,54.531,-1.905,1540,http://www.wikidata.org/entity/Q515414
Missenden Abbey,abbey,51.7008,-0.702853,1538,http://www.wikidata.org/entity/Q6878233
Jervaulx Abbey,abbey,54.2672,-1.73779,1537,http://www.wikidata.org/entity/Q748927
Ramsey Abbey,abbey,52.4482,-0.101237,1539,http://www.wikidata.org/entity/Q2480691
Crowland Abbey,abbey,52.676388888,-0.165277777,1539,http://www.wikidata.org/entity/Q549614
Chatteris Abbey,abbey,52.453,0.0489,1538,http://www.wikidata.org/entity/Q5087929
Winchcombe Abbey,abbey,51.9535,-1.96794,1539,http://www.wikidata.org/entity/Q8023745
Notley Abbey: an Augustinian abbey and associated post-Dissolution dovecote,abbey,51.7765,-0.965062,1539,http://www.wikidata.org/entity/Q17668548
Weybourne Priory,monastery ruins,52.9431,1.14163,1536,http://www.wikidata.org/entity/Q7990290
Walsingham Friary,monastery ruins,52.8921,0.871966,1538,http://www.wikidata.org/entity/Q7963860
Norman's Burrow,benedictine abbey,52.780502002,0.800832984,1537,http://www.wikidata.org/entity/Q119108515
"St Werburgh's Abbey, Chester",abbey,53.191666666,-2.890277777,1540,http://www.wikidata.org/entity/Q33101787
Inch Abbey,abbey,54.3328,-5.73333,1542,http://www.wikidata.org/entity/Q671263
Yedingham Priory,benedictine abbey,54.2059,-0.628157,1539,http://www.wikidata.org/entity/Q8051086
Buildwas Abbey,abbey,52.6353,-2.53122,1536,http://www.wikidata.org/entity/Q1003041
Malmesbury Abbey,abbey,51.5847,-2.09838,1539,http://www.wikidata.org/entity/Q550064
Tewkesbury Abbey,abbey,51.9903,-2.1604,1539,http://www.wikidata.org/entity/Q3405514
Glastonbury Abbey,abbey,51.146706,-2.715006,1539,http://www.wikidata.org/entity/Q544113
Chertsey Abbey,benedictine abbey,51.3935,-0.500167,1537,http://www.wikidata.org/entity/Q751674
Tavistock Abbey,abbey,50.5492,-4.14448,1539,http://www.wikidata.org/entity/Q2820734
"Greyfriars, Dunwich",convent,52.2756,1.63059,1538,http://www.wikidata.org/entity/Q5608102
Ranton Abbey,abbey,52.8159,-2.24156,1537,http://www.wikidata.org/entity/Q7293551
Netley Abbey,abbey,50.878888888,-1.3575,1536,http://www.wikidata.org/entity/Q846514
Strata Florida Abbey,abbey,52.2754,-3.83827,1539,http://www.wikidata.org/entity/Q1814107
Torre Abbey,abbey,50.4628,-3.53974,1539,http://www.wikidata.org/entity/Q764701
Llanllugan Abbey,abbey,52.6106,-3.39294,1536,http://www.wikidata.org/entity/Q6661638
Wigmore Abbey,abbey,52.3351,-2.86496,1538,http://www.wikidata.org/entity/Q7999672
Strata Marcella,abbey,52.6861,-3.10925,1536,http://www.wikidata.org/entity/Q1696604
Newenham Abbey,abbey,50.7715,-3.01197,1539,http://www.wikidata.org/entity/Q1395094
Bardsey Abbey,abbey,52.764318,-4.7876955,1537,http://www.wikidata.org/entity/Q13125318
Tarrant Abbey,abbey,50.8314,-2.12228,1539,http://www.wikidata.org/entity/Q7686659
Valle Crucis Abbey,abbey,52.988704,-3.1861902,1537,http://www.wikidata.org/entity/Q2509240
Flaxley Abbey,abbey,51.8361,-2.45194,1536,http://www.wikidata.org/entity/Q574906
Maenan Abbey,abbey,53.174341,-3.8122814,1536,http://www.wikidata.org/entity/Q6729225
Norton Priory Museum and Gardens,abbey,53.3423,-2.6799,1536,http://www.wikidata.org/entity/Q3403027
St Olaves Priory,monastery ruins,52.5382,1.62405,1537,http://www.wikidata.org/entity/Q7590878
Cymer Abbey,abbey,52.758155,-3.8961997,1536,http://www.wikidata.org/entity/Q1147892
Quarr Abbey,abbey,50.7314,-1.20487,1536,http://www.wikidata.org/entity/Q749713
Forde Abbey,abbey,50.8422,-2.91092,1539,http://www.wikidata.org/entity/Q689615
Hatfield Peverel Priory,benedictine abbey,51.7687,0.6035,1536,http://www.wikidata.org/entity/Q5681399
Llantarnam Abbey,abbey,51.6308,-2.99611,1536,http://www.wikidata.org/entity/Q1866850
Whitland Abbey,abbey,51.8337,-4.60189,1539,http://www.wikidata.org/entity/Q746867
Bermondsey Abbey,abbey,51.4975,-0.080833333,1538,http://www.wikidata.org/entity/Q822030
Dunkeswell Abbey,abbey,50.8893,-3.22163,1539,http://www.wikidata.org/entity/Q17649376
Canonsleigh Abbey,abbey,50.9487,-3.32775,1539,http://www.wikidata.org/entity/Q5033411
Titchfield Abbey,abbey,50.856,-1.232,1537,http://www.wikidata.org/entity/Q7809915
Cleeve Abbey,abbey,51.155556,-3.364167,1536,http://www.wikidata.org/entity/Q775473
Shrewsbury Abbey,abbey,52.7075,-2.744166666,1540,http://www.wikidata.org/entity/Q2507390
Margam Abbey,abbey,51.56238,-3.7298878,1536,http://www.wikidata.org/entity/Q1894788
Athelney Abbey,abbey,51.0593,-2.93458,1540,http://www.wikidata.org/entity/Q4813330
Cwmhir Abbey,abbey,52.329888888,-3.387305555,1537,http://www.wikidata.org/entity/Q143226
Kingswood Abbey,abbey,51.6264,-2.36667,1538,http://www.wikidata.org/entity/Q1417888
Keynsham Abbey,abbey,51.4173,-2.4963,1539,http://www.wikidata.org/entity/Q15235866
Vale Royal Abbey,abbey,53.2247,-2.5426,1538,http://www.wikidata.org/entity/Q1623747
Hyde Abbey,abbey,51.0686,-1.3143,1539,http://www.wikidata.org/entity/Q5953503
Kidwelly Priory,benedictine abbey,51.7368,-4.3065,1539,http://www.wikidata.org/entity/Q18206949
Beaulieu Abbey,abbey,50.8218,-1.45024,1538,http://www.wikidata.org/entity/Q751667
Bindon Abbey,abbey,50.68061,-2.20814,1539,http://www.wikidata.org/entity/Q743634
Eastminster,abbey,51.5094,-0.0723,1538,http://www.wikidata.org/entity/Q1795773
Burnham Abbey,abbey,51.5155,-0.66071,1539,http://www.wikidata.org/entity/Q4999736
"St Mary's Abbey, Winchester",abbey,51.0608,-1.3095,1539,http://www.wikidata.org/entity/Q7594237
Church Preen,benedictine abbey,52.578879024,-2.675381982,1539,http://www.wikidata.org/entity/Q119108519
Lilleshall Abbey,abbey,52.7245,-2.39134,1538,http://www.wikidata.org/entity/Q6548035
Abbotsbury Abbey,abbey,50.6645,-2.59871,1539,http://www.wikidata.org/entity/Q4664274
Basingwerk Abbey,abbey,53.288,-3.20735,1536,http://www.wikidata.org/entity/Q265315
Greyfriars,monastery ruins,51.279,1.07682,1538,http://www.wikidata.org/entity/Q5608359
Bruton Abbey,abbey,51.111,-2.452,1539,http://www.wikidata.org/entity/Q4979871
Malpas Priory,benedictine abbey,51.615218997,-3.006778036,1539,http://www.wikidata.org/entity/Q119108521
Pembroke Priory,benedictine abbey,51.675495016,-4.923877984,1539,http://www.wikidata.org/entity/Q119108523
Marham Abbey,monastery ruins,52.6591,0.522755,1536,http://www.wikidata.org/entity/Q6760851
Cerne Abbey,abbey,50.8118,-2.47425,1539,http://www.wikidata.org/entity/Q2820556
Buckfast Abbey,abbey,50.492777777,-3.775555555,1539,http://www.wikidata.org/entity/Q999611
Talley Abbey,abbey,51.976469,-3.9921871,1536,http://www.wikidata.org/entity/Q7680114
Hartland Abbey,abbey,50.99666667,-4.50861111,1539,http://www.wikidata.org/entity/Q15223123
Grey Abbey,abbey,54.5358,-5.5583,1541,http://www.wikidata.org/entity/Q1546151
Buckland Abbey,abbey,50.4811,-4.13361,1539,http://www.wikidata.org/entity/Q999713
Dureford Abbey,abbey,51.008,-0.851,1536,http://www.wikidata.org/entity/Q5316344
"St. Mary Magdalen Priory, Lincoln",benedictine abbey,53.2299,-0.5199,1539,http://www.wikidata.org/entity/Q7590499
Waverley Abbey,abbey,51.2004,-0.758282,1536,http://www.wikidata.org/entity/Q1295286
Shaftesbury Abbey,abbey,51.0053,-2.1986,1539,http://www.wikidata.org/entity/Q1128802
Dore Abbey,abbey,51.96778,-2.89368,1537,http://www.wikidata.org/entity/Q1243820
Cowick Priory,benedictine abbey,50.713000025,-3.553999997,1538,http://www.wikidata.org/entity/Q119108516
Farne Abbey,benedictine abbey,55.616568008,-1.655132975,1538,http://www.wikidata.org/entity/Q119108517
Hertford Priory,benedictine abbey,51.799328026,-0.074917967,1538,http://www.wikidata.org/entity/Q119108518
Haughmond Abbey,abbey,52.7331,-2.67997,1539,http://www.wikidata.org/entity/Q5682459
Comber Abbey,abbey,54.55027778,-5.75,1543,http://www.wikidata.org/entity/Q1113605
Stanley Abbey,abbey,51.454722,-2.097222,1536,http://www.wikidata.org/entity/Q655000
"Grace Dieu Abbey, Monmouth",abbey,51.814246,-2.7974772,1536,http://www.wikidata.org/entity/Q1541031
Old Buckenham Priory,monastery ruins,52.491086,1.049674,1536,http://www.wikidata.org/entity/Q7083556
Thetford Priory,monastery ruins,52.416428,0.742644,1536,http://www.wikidata.org/entity/Q7783570
Wilton Abbey,abbey,51.0781,-1.856,1539,http://www.wikidata.org/entity/Q10720238
Bromholm Priory,monastery ruins,52.84583,1.48462,1536,http://www.wikidata.org/entity/Q4973637
Bungay Priory,monastery ruins,52.455,1.439,1536,http://www.wikidata.org/entity/Q4997630
Reading Abbey,abbey,51.456347,-0.965086,1538,http://www.wikidata.org/entity/Q2482838
St Dogmaels Abbey,abbey,52.080458,-4.6806184,1536,http://www.wikidata.org/entity/Q12067908
Neath Abbey,abbey,51.660871,-3.8261007,1539,http://www.wikidata.org/entity/Q1973162
"Austin Friary, Winchester",convent,51.0761,-1.31811,1538,http://www.wikidata.org/entity/Q4823095
St. Botolph's Priory,priory,51.8872,0.904547,1536,http://www.wikidata.org/entity/Q7587341
St Gregory's Priory,priory,51.28265,1.08435,1535,http://www.wikidata.org/entity/Q7593295
Melrose Abbey,monastery ruins,55.599561648,-2.718688692,1560,http://www.wikidata.org/entity/Q1919732
Binham Priory,priory,52.9207,0.947051,1539,http://www.wikidata.org/entity/Q4914352
Flixton Priory,priory,52.4262,1.4041,1536,http://www.wikidata.org/entity/Q5459789
Hickling Priory,priory,52.7669,1.58299,1536,http://www.wikidata.org/entity/Q5751057
Maxstoke Priory,monastery ruins,52.47773,-1.65614,1536,http://www.wikidata.org/entity/Q6796031
Maplestead Preceptory,priory,51.974799982,0.654600011,1540,http://www.wikidata.org/entity/Q119104608
"Benedictine Priory, King's Lynn",priory,52.7514,0.3954,1537,http://www.wikidata.org/entity/Q4887345
Hertford Blackfriars Priory,monastery ruins,52.06,-2.71334,1538,http://www.wikidata.org/entity/Q17538048
Clare Priory,priory,52.0754,0.581334,1538,http://www.wikidata.org/entity/Q5126238
"Colne Priory, Earls Colne",priory,51.9278,0.71053,1536,http://www.wikidata.org/entity/Q5147768
Marmont Priory,priory,52.59,0.203,1538,http://www.wikidata.org/entity/Q6772156
Pentney Priory,priory,52.6792,0.515539,1537,http://www.wikidata.org/entity/Q17663426
Beeston Priory,priory,52.9388,1.22417,1539,http://www.wikidata.org/entity/Q17648791
Barnwell Priory,priory,52.2096,0.139,1538,http://www.wikidata.org/entity/Q4862023
Thremhall Priory,priory,51.870497,0.222254,1536,http://www.wikidata.org/entity/Q26564686
Castle Acre Priory,priory,52.7005,0.683556,1537,http://www.wikidata.org/entity/Q5049978
Wangford Priory,priory,52.3546,1.6201,1540,http://www.wikidata.org/entity/Q7967855
Folkestone Priory,priory,51.079444444,1.181666666,1535,http://www.wikidata.org/entity/Q5464526
Barlynch Priory,monastery ruins,51.0502,-3.52937,1537,http://www.wikidata.org/entity/Q4861244
"St. Leonard's Priory, Norwich",priory,52.6311,1.31133,1538,http://www.wikidata.org/entity/Q7589530
Eye Priory,priory,52.3226,1.15611,1537,http://www.wikidata.org/entity/Q5422630
Old Quarr Abbey,monastery ruins,50.731013,-1.198544,1536,http://www.wikidata.org/entity/Q17677646
Spinney Priory,priory,52.3218,0.2802,1530,http://www.wikidata.org/entity/Q99933752
Ickleton Priory,priory,52.07083333,0.17083333,1536,http://www.wikidata.org/entity/Q15227835
Berden Priory,priory,51.9513,0.126517,1536,http://www.wikidata.org/entity/Q17533510
Haverfordwest Priory,monastery ruins,51.7982,-4.9644,1536,http://www.wikidata.org/entity/Q5683771
Legbourne Priory,priory,53.3372,0.0431431,1536,http://www.wikidata.org/entity/Q6517700
Coxford Priory,priory,52.8267,0.741247,1536,http://www.wikidata.org/entity/Q5179949
Christ Church Cathedral Priory,priory,51.279721944,1.083056111,1540,http://www.wikidata.org/entity/Q46098131
Mendham Priory,priory,52.3881,1.32148,1537,http://www.wikidata.org/entity/Q6816619
Thwaite Priory,priory,53.2056,0.191998,1536,http://www.wikidata.org/entity/Q7799523
Sopwell Priory,monastery ruins,51.743842,-0.334128,1539,http://www.wikidata.org/entity/Q7563217
Crabhouse Priory,priory,52.6448,0.365,1536,http://www.wikidata.org/entity/Q5180276
Cambridge Blackfriars,priory,52.21377,0.10927,1538,http://www.wikidata.org/entity/Q5025361
Woodbridge Priory,priory,52.0931,1.3138,1537,http://www.wikidata.org/entity/Q8032421
Alvingham Priory,priory,53.4017,0.05614,1538,http://www.wikidata.org/entity/Q4738271
The Priory,priory,52.9729,0.0499013,1539,http://www.wikidata.org/entity/Q17542869
Boxgrove Priory,monastery ruins,50.860419,-0.711059,1536,http://www.wikidata.org/entity/Q4951707
Priory of the Holy Trinity,priory,52.063194444,1.157388888,1537,http://www.wikidata.org/entity/Q7245526
Axholme Charterhouse,monastery ruins,53.5075,-0.7861,1538,http://www.wikidata.org/entity/Q4830428
Hoxne Priory,priory,52.3422,1.20367,1538,http://www.wikidata.org/entity/Q5922683
Ellerton Priory,monastery ruins,54.371917,-1.879102,1536,http://www.wikidata.org/entity/Q5365209
Guisborough Priory,monastery ruins,54.5362,-1.04722,1540,http://www.wikidata.org/entity/Q3402996
Little Dunmow Priory,priory,51.8651,0.403823,1536,http://www.wikidata.org/entity/Q6649866
Tynemouth Priory,monastery ruins,55.01775,-1.41799,1538,http://www.wikidata.org/entity/Q62032346
Sudbury Benedictine Priory,priory,52.0519924,0.7273266,1538,http://www.wikidata.org/entity/Q7633498
Slevesholm Priory,priory,52.5353451,0.5086863,1537,http://www.wikidata.org/entity/Q115802824
Anglesey Priory,priory,52.236944444,0.24,1536,http://www.wikidata.org/entity/Q33652535
Markby Priory,priory,53.2853,0.230445,1536,http://www.wikidata.org/entity/Q6770587
Letheringham Priory,priory,52.1787,1.31615,1537,http://www.wikidata.org/entity/Q6533347
Blythburgh Priory,priory,52.3218,1.5968,1537,http://www.wikidata.org/entity/Q4930872
Swingfield Preceptory,priory,51.1518,1.19057,1540,http://www.wikidata.org/entity/Q7658659
Burscough Priory,monastery ruins,53.583,-2.85627,1536,http://www.wikidata.org/entity/Q5000591
"Leez Augustinian Priory, fishponds and Tudor mansion, Leez",priory,51.8428,0.462231,1536,http://www.wikidata.org/entity/Q17669391
St Osyth's Priory,priory,51.7992,1.0749,1539,http://www.wikidata.org/entity/Q7590886
Weybridge Priory,priory,52.6475,1.5684,1536,http://www.wikidata.org/entity/Q7990296
Campsey Priory,priory,52.1401,1.38703,1536,http://www.wikidata.org/entity/Q5028538
St Faith Priory,priory,52.6888,1.27779,1536,http://www.wikidata.org/entity/Q17648119
Fordham Priory,priory,52.3054,0.3865,1540,http://www.wikidata.org/entity/Q5468070
St Augustine's Abbey,monastery ruins,51.278127777,1.088205555,1538,http://www.wikidata.org/entity/Q334303
Rumburgh Priory,priory,52.3846,1.4466,1528,http://www.wikidata.org/entity/Q7379209
Battle Abbey,monastery ruins,50.915,0.485833333,1538,http://www.wikidata.org/entity/Q810981
Hatfield Broad Oak Priory,priory,51.8283,0.243408,1536,http://www.wikidata.org/entity/Q5681360
Shouldham Priory,priory,52.657511111,0.483227777,1538,http://www.wikidata.org/entity/Q7502736
Flitcham Priory,priory,52.808827,0.572359,1538,http://www.wikidata.org/entity/Q8563825
Nunkeeling Priory,priory,53.9313,-0.261899,1540,http://www.wikidata.org/entity/Q7069844
Elsham Priory,priory,53.5941,-0.4461,1536,http://www.wikidata.org/entity/Q5367554
Ellerton Priory,priory,53.85097222,-0.93533333,1538,http://www.wikidata.org/entity/Q5365207
Monks Horton Priory,priory,51.1143,1.0079,1536,http://www.wikidata.org/entity/Q17529945
Wilberfoss Priory,priory,53.941,-0.88941,1539,http://www.wikidata.org/entity/Q8000091
Moatenden Priory,priory,51.1878,0.601389,1538,http://www.wikidata.org/entity/Q6886511
Lanercost Priory,priory,54.9661,-2.69529,1537,http://www.wikidata.org/entity/Q3403001
Stixwould Priory,priory,53.1786,-0.246994,1539,http://www.wikidata.org/entity/Q7617696
Baysdale Priory,priory,54.451614975,-1.043744982,1536,http://www.wikidata.org/entity/Q119109601
St Bees Priory,priory,54.4939,-3.59355,1539,http://www.wikidata.org/entity/Q7592633
Hampole Priory,priory,53.588,-1.23722222,1539,http://www.wikidata.org/entity/Q5646019
Drax Priory,priory,53.74875,-0.98947222,1535,http://www.wikidata.org/entity/Q5306073
Beverley Preceptory,priory,53.842640989,-0.422826044,1540,http://www.wikidata.org/entity/Q119104602
Monk Bretton Priory,priory,53.554,-1.43837,1538,http://www.wikidata.org/entity/Q6900613
Neasham Priory,priory,54.462,-1.464,1540,http://www.wikidata.org/entity/Q6984466
Haverholme Priory,priory,53.0299,-0.348906,1538,http://www.wikidata.org/entity/Q5683806
Eagle Preceptory,priory,53.181819997,-0.706349979,1540,http://www.wikidata.org/entity/Q119104604
"St Bartholomew's Nunnery, Newcastle Upon Tyne",priory,54.972444974,-1.616100008,1540,http://www.wikidata.org/entity/Q119109112
Arden Priory,priory,54.308455,-1.202919,1536,http://www.wikidata.org/entity/Q4787933
Maltby Preceptory,priory,53.340616982,-0.036859043,1540,http://www.wikidata.org/entity/Q119104607
Newland Preceptory,priory,53.697042,-1.447138042,1540,http://www.wikidata.org/entity/Q119104609
Ribstone Preceptory,priory,53.978617003,-1.404050978,1540,http://www.wikidata.org/entity/Q119104610
Bullington Priory,priory,53.2765,-0.349957,1538,http://www.wikidata.org/entity/Q4996939
Belvoir Priory,priory,52.8985,-0.781701,1539,http://www.wikidata.org/entity/Q4884928
Grosmont Priory,priory,54.440690988,-0.724497025,1536,http://www.wikidata.org/entity/Q119109910
Kirklees Priory,priory,53.6951,-1.7372,1539,http://www.wikidata.org/entity/Q6415762
Skewkirk Priory,priory,53.98117801,-1.281784968,1540,http://www.wikidata.org/entity/Q119104744
Finchale Priory,priory,54.8179,-1.54067,1535,http://www.wikidata.org/entity/Q5449825
Arthington Priory,priory,53.9017,-1.56198,1540,http://www.wikidata.org/entity/Q4797612
Dartford Priory,priory,51.4494672,0.2148342,1539,http://www.wikidata.org/entity/Q110222572
Nun Appleton Priory,priory,53.8525,-1.15611,1539,http://www.wikidata.org/entity/Q7069720
Combwell Priory,priory,51.0739,0.433611,1536,http://www.wikidata.org/entity/Q5150992
Sempringham Priory,priory,52.8774,-0.361552,1538,http://www.wikidata.org/entity/Q7449811
"St. Martin's Priory, Richmond",priory,54.4017,-1.72788,1539,http://www.wikidata.org/entity/Q7590024
Newburgh Priory,priory,54.1812,-1.16984,1539,http://www.wikidata.org/entity/Q7017185
Newstead-on-Ancholme Priory,priory,53.5271,-0.49351,1538,http://www.wikidata.org/entity/Q15262191
Kirby Bellars Priory,priory,52.7584,-0.938236,1536,http://www.wikidata.org/entity/Q6414900
Augustinian nunnery known as Moxby Priory including mill and post Dissolution garden features,priory,54.0944,-1.08836,1536,http://www.wikidata.org/entity/Q17662713
Conishead Priory,priory,54.1732,-3.067,1536,http://www.wikidata.org/entity/Q5161107
Mount Grace Priory,priory,54.3802,-1.31047,1539,http://www.wikidata.org/entity/Q12062111
Carham Priory,priory,55.638900022,-2.324166039,1539,http://www.wikidata.org/entity/Q119104743
Pontefract Priory,priory,53.7017,-1.3075,1538,http://www.wikidata.org/entity/Q7228175
Newstead Priory,priory,52.6583,-0.454248,1536,http://www.wikidata.org/entity/Q7019865
Cartmel Priory,priory,54.20111111,-2.95222222,1536,http://www.wikidata.org/entity/Q15207711
Catley Priory,priory,53.0855,-0.331086,1538,http://www.wikidata.org/entity/Q5053562
Malton Priory,priory,54.1425,-0.7791,1539,http://www.wikidata.org/entity/Q6744916
Swine Priory,priory,53.8063,-0.27907,1539,http://www.wikidata.org/entity/Q7658467
Launde Priory,priory,52.631,-0.82371,1539,http://www.wikidata.org/entity/Q6498471
Lewes Priory,priory,50.8684,0.00821001,1537,http://www.wikidata.org/entity/Q6536133
Wykeham Priory,priory,54.2247,-0.519531,1539,http://www.wikidata.org/entity/Q8039860
Middlesbrough Priory,priory,54.58219444,-1.23241667,1537,http://www.wikidata.org/entity/Q16863917
Kirkham Priory,priory,54.0829,-0.876675,1539,http://www.wikidata.org/entity/Q6415670
Esholt Priory,priory,53.85294444,-1.71486111,1539,http://www.wikidata.org/entity/Q16835643
Thicket Priory,priory,53.883,-0.94115,1539,http://www.wikidata.org/entity/Q7783953
Mattersey Priory,priory,53.3982,-0.94369,1538,http://www.wikidata.org/entity/Q6789767
"St Andrew's Priory, York",priory,53.952631995,-1.077410965,1538,http://www.wikidata.org/entity/Q119104771
Warbleton Priory,priory,50.9393,0.334321,1536,http://www.wikidata.org/entity/Q7968840
Nocton Priory,priory,53.1706,-0.39022,1536,http://www.wikidata.org/entity/Q7046438
Tandridge Priory,priory,51.2541,0.02674,1538,http://www.wikidata.org/entity/Q7682505
Keldholme Priory,priory,54.26636111,-0.91472222,1536,http://www.wikidata.org/entity/Q6385540
Kyme Priory,priory,53.0326,-0.2589,1539,http://www.wikidata.org/entity/Q6451770
Hirst Priory,priory,53.582809,-0.826056,1540,http://www.wikidata.org/entity/Q26364522
Brinkburn Priory,priory,55.2787,-1.81822,1536,http://www.wikidata.org/entity/Q4968406
Shelford Priory,priory,52.984083333,-1.0,1536,http://www.wikidata.org/entity/Q7493609
Gokewell Priory,priory,53.5811,-0.580901,1536,http://www.wikidata.org/entity/Q5578059
Lambley Priory,priory,54.927768021,-2.509589991,1537,http://www.wikidata.org/entity/Q119109111
North Ferriby Priory,priory,53.7183,-0.50587,1536,http://www.wikidata.org/entity/Q7055348
Bamburgh Priory,priory,55.606772974,-1.724606972,1537,http://www.wikidata.org/entity/Q119104738
Durham Priory,priory,54.7732,-1.57683,1540,http://www.wikidata.org/entity/Q5316469
Healaugh Park Priory,priory,53.911,-1.26242,1535,http://www.wikidata.org/entity/Q5690175
Ovingham Priory,priory,54.967406978,-1.868750014,1537,http://www.wikidata.org/entity/Q119104739
Heynings Priory,priory,53.3575,-0.72963,1539,http://www.wikidata.org/entity/Q5749758
Bridgend Priory,priory,52.9109,-0.3009,1538,http://www.wikidata.org/entity/Q4966539
Bilsington Priory,priory,51.083,0.915509,1536,http://www.wikidata.org/entity/Q4913595
Torksey Priory,priory,53.3009,-0.744771,1536,http://www.wikidata.org/entity/Q7825891
Dover Priory,priory,51.1268,1.30688,1538,http://www.wikidata.org/entity/Q5302511
Deeping St. James Priory,priory,52.6717,-0.2895,1539,http://www.wikidata.org/entity/Q5250635
"St Leonard's Priory, Stamford",priory,52.65413809,-0.46562996,1538,http://www.wikidata.org/entity/Q7593999
Marton Priory,priory,54.11794444,-1.10769444,1536,http://www.wikidata.org/entity/Q6777305
Nunburnholme Priory,priory,53.9247,-0.703957,1536,http://www.wikidata.org/entity/Q7069768
Knaresborough Trinitarian priory,priory,53.99593,-1.457083,1538,http://www.wikidata.org/entity/Q110499550
Marrick Priory,priory,54.3755,-1.89822,1540,http://www.wikidata.org/entity/Q6772911
Lytham Priory,priory,53.7441,-2.9768,1535,http://www.wikidata.org/entity/Q6710330
Woodkirk Priory,priory,53.72227778,-1.58847222,1540,http://www.wikidata.org/entity/Q8032792
Willoughton Preceptory,priory,53.4269,-0.605308,1540,http://www.wikidata.org/entity/Q8022245
Broadholme Priory,priory,53.2514,-0.6609,1536,http://www.wikidata.org/entity/Q4972201
Handale Priory,priory,54.2068,-0.628267,1539,http://www.wikidata.org/entity/Q5647231
Thornholme Priory,priory,53.6001,-0.540681,1536,http://www.wikidata.org/entity/Q7796447
Blyth Priory,priory,53.3788,-1.06346,1536,http://www.wikidata.org/entity/Q4930864
Leominster Priory,priory,52.2299,-2.73515,1539,http://www.wikidata.org/entity/Q17642859
Beauvale Priory,priory,53.0364,-1.26721,1539,http://www.wikidata.org/entity/Q4877960
Canons Ashby Priory,priory,52.1499799,-1.15672,1536,http://www.wikidata.org/entity/Q5033401
Chirbury Priory,priory,52.579560984,-3.091132986,1536,http://www.wikidata.org/entity/Q119104736
Upholland Priory,priory,53.5401,-2.7213,1536,http://www.wikidata.org/entity/Q7898308
Dingley Preceptory,priory,52.482431992,-0.865805972,1540,http://www.wikidata.org/entity/Q119104603
Kersal Priory,priory,53.51019,-2.28861,1538,http://www.wikidata.org/entity/Q16852042
Hogshaw Commandery,priory,51.895807972,-0.928762962,1540,http://www.wikidata.org/entity/Q119104605
Priory of St. Thomas near Stafford,priory,52.8037,-2.0748,1538,http://www.wikidata.org/entity/Q7245523
Monks Kirby Priory,priory,52.4444,-1.3199,1538,http://www.wikidata.org/entity/Q6900943
Wenlock Priory,priory,52.59714,-2.55524,1540,http://www.wikidata.org/entity/Q4479799
St Ives Priory,priory,52.322,-0.0721,1539,http://www.wikidata.org/entity/Q7593410
Newstead Abbey,priory,53.0784,-1.19294,1539,http://www.wikidata.org/entity/Q1819331
Stone Priory,priory,52.901,-2.144,1537,http://www.wikidata.org/entity/Q7619009
Kilburn Priory,priory,51.541,-0.1896,1536,http://www.wikidata.org/entity/Q6406616
Studley Priory,priory,52.274,-1.8943,1536,http://www.wikidata.org/entity/Q7628344
"St Margaret's Convent, Hertfordshire",priory,51.7957,-0.529177,1536,http://www.wikidata.org/entity/Q7594116
"St Oswald's Priory, Gloucester",priory,51.8693,-2.24801,1536,http://www.wikidata.org/entity/Q3402932
Baswich Priory,priory,52.8037,-2.0747,1538,http://www.wikidata.org/entity/Q4868412
Huntingdon Priory,priory,52.333,-0.183,1538,http://www.wikidata.org/entity/Q5945126
Little Malvern Priory,priory,52.0612,-2.33668,1537,http://www.wikidata.org/entity/Q17642011
St Mary's Priory and Cathedral,priory,52.4089,-1.50922,1539,http://www.wikidata.org/entity/Q7590394
Harrold Priory,priory,52.1995,-0.60547,1537,http://www.wikidata.org/entity/Q5666460
Aconbury Priory,priory,51.9974,-2.7021,1539,http://www.wikidata.org/entity/Q4674487
Wormsley Priory,priory,52.1312,-2.8243,1539,http://www.wikidata.org/entity/Q8036890
"St Andrew's Priory, Northampton",priory,52.2438839,-0.9029523,1538,http://www.wikidata.org/entity/Q24718388
Fineshade Priory,priory,52.5688,-0.56513,1536,http://www.wikidata.org/entity/Q5450153
Ashridge Priory,priory,51.799,-0.56,1539,http://www.wikidata.org/entity/Q15192660
Derby Cluniac Priory,priory,52.922323,-1.478444,1536,http://www.wikidata.org/entity/Q5261434
Poulton Priory,priory,51.698975,-1.863894,1539,http://www.wikidata.org/entity/Q7235591
Gresley Priory,priory,52.7597,-1.56694,1536,http://www.wikidata.org/entity/Q5607609
Arbury Priory,priory,52.5002,-1.50749,1536,http://www.wikidata.org/entity/Q4784953
Caldwell Priory,priory,52.1294,-0.47649,1537,http://www.wikidata.org/entity/Q5019168
Breadsall Priory,priory,52.968774,-1.43348,1536,http://www.wikidata.org/entity/Q4959213
Littlemore Priory,priory,51.716111111,-1.211666666,1525,http://www.wikidata.org/entity/Q6653012
Wroxall Priory,priory,52.3341,-1.6758,1536,http://www.wikidata.org/entity/Q8038718
Black Ladies Priory,priory,52.6815,-2.2271,1538,http://www.wikidata.org/entity/Q4921131
Melchbourne Preceptory,priory,52.2713,-0.492454,1540,http://www.wikidata.org/entity/Q6811988
Stoneley Priory,priory,52.294444444,-0.367972222,1536,http://www.wikidata.org/entity/Q7619264
Lenton Priory,priory,52.9435,-1.17899,1538,http://www.wikidata.org/entity/Q6523390
Bisham Priory,priory,51.556666666,-0.779722222,1536,http://www.wikidata.org/entity/Q33665764
Worcester Priory,priory,52.1887,-2.2208,1540,http://www.wikidata.org/entity/Q1516379
Markyate Priory,priory,51.8438,-0.46445,1536,http://www.wikidata.org/entity/Q6771549
Pinley Priory,priory,52.2896,-1.68825,1536,http://www.wikidata.org/entity/Q7196264
Limebrook Priory,priory,52.2892,-2.9191,1539,http://www.wikidata.org/entity/Q17640644
Flanesford Priory,priory,51.8715,-2.61282,1536,http://www.wikidata.org/entity/Q5457380
"Priory of St Thomas of Canterbury, Birmingham",priory,52.482,-1.895,1536,http://www.wikidata.org/entity/Q7245524
Felley Priory,priory,53.056456,-1.280452,1536,http://www.wikidata.org/entity/Q15217554
Shingay Preceptory,priory,52.1087,-0.0881249,1539,http://www.wikidata.org/entity/Q7497440
Chicksands Priory,priory,52.040766,-0.366285,1538,http://www.wikidata.org/entity/Q110802553
Ratlinghope Priory,priory,52.56663802,-2.88263302,1538,http://www.wikidata.org/entity/Q119104741
Dunstable Priory,priory,51.886,-0.5176,1540,http://www.wikidata.org/entity/Q5315706
Snelshall Priory,priory,52.0027,-0.812473,1536,http://www.wikidata.org/entity/Q7547665
Sewardsley Priory,priory,52.1508,-0.9535,1536,http://www.wikidata.org/entity/Q7458200
King's Mead Priory,priory,52.92646,-1.48918,1536,http://www.wikidata.org/entity/Q15238510
Dudley Priory,priory,52.5155,-2.0851,1539,http://www.wikidata.org/entity/Q5311953
Canwell Priory,priory,52.60146,-1.78336,1525,http://www.wikidata.org/entity/Q5034156
Little Marlow Priory,priory,51.5854,-0.7422,1536,http://www.wikidata.org/entity/Q6650855
Llanthony Secunda,priory,51.8607,-2.25658,1538,http://www.wikidata.org/entity/Q6661786
Hitchin Priory,priory,51.9451,-0.2791,1538,http://www.wikidata.org/entity/Q85313555
Q20592486,priory,53.01105,-4.101713,1536,http://www.wikidata.org/entity/Q20592486
Calke Priory,priory,52.7998,-1.4559,1538,http://www.wikidata.org/entity/Q5021460
Bushmead Priory,priory,52.2336,-0.3675,1537,http://www.wikidata.org/entity/Q5001539
Ulverscroft Priory,priory,52.7097,-1.25955,1539,http://www.wikidata.org/entity/Q7880845
Calwich Abbey,priory,52.9868,-1.8097,1536,http://www.wikidata.org/entity/Q15978928
Newnham Priory,priory,52.14076,-0.44512,1540,http://www.wikidata.org/entity/Q15262175
Rothwell Priory,priory,52.42455801,-0.805834983,1537,http://www.wikidata.org/entity/Q119104697
Bromfield Priory,priory,52.3869,-2.7633,1540,http://www.wikidata.org/entity/Q4973617
Royston Priory,priory,52.047839025,-0.021672035,1537,http://www.wikidata.org/entity/Q119104740
Chacombe Priory,priory,52.0912,-1.28839,1536,http://www.wikidata.org/entity/Q5066112
Cardigan Priory,priory,52.0827,-4.6558,1538,http://www.wikidata.org/entity/Q5038509
Leonard Stanley Priory,priory,51.7277,-2.28762,1538,http://www.wikidata.org/entity/Q6525749
Clattercote Priory,priory,52.1393,-1.33201,1538,http://www.wikidata.org/entity/Q5128607
"St Leonard's Priory immediately adjacent to the Church of St Mary and St Leonard, Wombridge",priory,52.7014,-2.45841,1536,http://www.wikidata.org/entity/Q17665195
Morville Priory,priory,52.5419,-2.4886,1540,http://www.wikidata.org/entity/Q24718386
Catesby Priory,priory,52.2316,-1.24641,1536,http://www.wikidata.org/entity/Q5051960
Hurley Priory,priory,51.5496,-0.8097,1536,http://www.wikidata.org/entity/Q5946678
Llanllyr Nunnery,priory,52.182428,-4.134071,1536,http://www.wikidata.org/entity/Q20567768
Langley Priory,priory,52.8078,-1.3582,1536,http://www.wikidata.org/entity/Q6486293
Whistones Priory,priory,52.7023,-2.88937,1536,http://www.wikidata.org/entity/Q7994092
Birkenhead Priory,priory,53.38958,-3.01175,1536,http://www.wikidata.org/entity/Q4916439
Atherstone Priory,priory,52.5741,-1.5364,1538,http://www.wikidata.org/entity/Q4813579
White Ladies Priory,priory,52.666,-2.25847,1538,http://www.wikidata.org/entity/Q7994966
St Guthlac's Priory,priory,52.0576,-2.707,1538,http://www.wikidata.org/entity/Q7401335
St Frideswide's Priory,priory,51.750277777,-1.256111111,1524,http://www.wikidata.org/entity/Q3403092
Chester Priory,priory,53.1874,-2.8952,1539,http://www.wikidata.org/entity/Q5093686
Llanthony Priory,priory,51.94494,-3.0363994,1539,http://www.wikidata.org/entity/Q3397679
Cheshunt Priory,priory,51.717561006,-0.018903967,1536,http://www.wikidata.org/entity/Q119109108
Trentham Priory,priory,52.965381,-2.201847,1540,http://www.wikidata.org/entity/Q7838504
Merton Priory,priory,51.4142,-0.181234,1538,http://www.wikidata.org/entity/Q1922141
Doncaster Whitefriars,Carmelite monastery,53.522850986,-1.135048041,1538,http://www.wikidata.org/entity/Q119106062
King's Lynn Dominican Priory,friary,52.753503978,0.399610972,1538,http://www.wikidata.org/entity/Q119106711
Kings Lynn Whitefriars,Carmelite monastery,52.748600007,0.397550956,1538,http://www.wikidata.org/entity/Q119106068
Ludlow Whitefriars,Carmelite monastery,52.370875978,-2.721193007,1538,http://www.wikidata.org/entity/Q119106070
Marlborough Whitefriars,Carmelite monastery,51.419439987,-1.731734026,1538,http://www.wikidata.org/entity/Q119106071
Northallerton Whitefriars,Carmelite monastery,54.342289,-1.432519039,1538,http://www.wikidata.org/entity/Q119106073
Northampton Whitefriars,Carmelite monastery,52.240930975,-0.894677017,1538,http://www.wikidata.org/entity/Q119106076
Oxford Whitefriars,Carmelite monastery,51.755059976,-1.262097041,1538,http://www.wikidata.org/entity/Q119106079
Wareham Priory,priory,50.6841,-2.10753,1539,http://www.wikidata.org/entity/Q7969277
Plymouth Whitefriars,Carmelite monastery,50.37160099,-4.130526978,1538,http://www.wikidata.org/entity/Q119106082
Sandwich Whitefriars,Carmelite monastery,51.273330025,1.338417009,1538,http://www.wikidata.org/entity/Q119106102
Sele Whitefriars,Carmelite monastery,50.887527997,-0.305654021,1538,http://www.wikidata.org/entity/Q119106104
Sniterley Whitefriars,Carmelite monastery,52.95525602,1.023380983,1538,http://www.wikidata.org/entity/Q119106107
Stamford Whitefriars,Carmelite monastery,52.653833015,-0.47140397,1538,http://www.wikidata.org/entity/Q119106110
Totnes Priory,priory,50.4319,-3.68745,1536,http://www.wikidata.org/entity/Q7828354
Winchester Whitefriars,Carmelite monastery,51.056971017,-1.315022993,1538,http://www.wikidata.org/entity/Q119106111
Greenham Preceptory,priory,51.3788,-1.28077,1540,http://www.wikidata.org/entity/Q5604083
Hinton Priory,priory,51.3311,-2.31989,1539,http://www.wikidata.org/entity/Q5767693
"Greyfriars, Norwich",friary,52.629208009,1.299477018,1538,http://www.wikidata.org/entity/Q119107393
Plympton Priory,priory,50.3875,-4.05849,1539,http://www.wikidata.org/entity/Q7205896
Marsh Barton Priory,priory,50.7078,-3.52664,1539,http://www.wikidata.org/entity/Q6773297
"Holy Trinity Priory, Aldgate",priory,51.5136,-0.078,1532,http://www.wikidata.org/entity/Q5886808
Cannington Priory,priory,51.1504,-3.0627,1536,http://www.wikidata.org/entity/Q5032718
Ewenny Priory,priory,51.488464,-3.5686888,1536,http://www.wikidata.org/entity/Q5419010
Deerhurst Priory,priory,51.46708,-2.618858,1540,http://www.wikidata.org/entity/Q26571262
Kington St Michael Priory,priory,51.49922,-2.15489,1536,http://www.wikidata.org/entity/Q6413795
Remains of Edington Priory,priory,51.2793,-2.10615,1539,http://www.wikidata.org/entity/Q5338317
Newark Priory,priory,51.3089,-0.5068,1538,http://www.wikidata.org/entity/Q7016731
Sheen Priory,priory,51.4676854,-0.316201533,1539,http://www.wikidata.org/entity/Q7492367
Taunton Priory,priory,51.0181,-3.0982,1539,http://www.wikidata.org/entity/Q7688799
Cornworthy Priory,priory,50.38848,-3.65695,1536,http://www.wikidata.org/entity/Q5172054
Pill Priory,priory,51.7248,-5.03799,1536,http://www.wikidata.org/entity/Q7194104
Priory of St John and St Teulyddog,priory,51.8606,-4.2977,1536,http://www.wikidata.org/entity/Q26271846
Southwick Priory,priory,50.8717,-1.10711,1538,http://www.wikidata.org/entity/Q7571472
Shulbrede Priory,priory,51.0617,-0.750938,1536,http://www.wikidata.org/entity/Q7504909
Stavordale Priory,priory,51.0867,-2.37639,1539,http://www.wikidata.org/entity/Q7604830
Kings Lynn Austin Friars,friary,52.756865987,0.396908031,1538,http://www.wikidata.org/entity/Q119104859
St Anthony in Roseland Priory,priory,50.148085973,-5.013541977,1538,http://www.wikidata.org/entity/Q119104742
Norwich Austin Friars,friary,52.627704017,1.299950969,1538,http://www.wikidata.org/entity/Q119104862
Totnes Trinitarian Priory,priory,50.4292,-3.68427,1509,http://www.wikidata.org/entity/Q16874383
St Denys Priory,priory,50.9252,-1.38082,1536,http://www.wikidata.org/entity/Q7587742
Polsloe Priory,priory,50.7341,-3.50168,1539,http://www.wikidata.org/entity/Q7226022
Frithelstock Priory,priory,50.9551,-4.18844,1536,http://www.wikidata.org/entity/Q5504752
Mottisfont Abbey,priory,51.04143,-1.53496,1536,http://www.wikidata.org/entity/Q2731378
Launceston Priory,priory,50.6364,-4.35531,1538,http://www.wikidata.org/entity/Q6498360
St Michael's Priory,priory,50.9599,-1.76986,1539,http://www.wikidata.org/entity/Q17641198
Amesbury Priory,priory,51.1719,-1.7843,1539,http://www.wikidata.org/entity/Q42327064
Barnstaple Priory,priory,51.0885,-4.06244,1536,http://www.wikidata.org/entity/Q4861965
Burnham Norton Friary,friary,52.9509,0.7348,1538,http://www.wikidata.org/entity/Q4999751
Bruisyard Abbey,nunnery,52.24454,1.41775,1539,http://www.wikidata.org/entity/Q55099671
Bath Cathedral Priory,priory,51.381388888,-2.358611111,1539,http://www.wikidata.org/entity/Q33401907
Boston Whitefriars,Carmelite monastery,52.975300026,-0.025600009,1539,http://www.wikidata.org/entity/Q119106114
Wintney Priory,priory,51.290855,-0.887532,1536,http://www.wikidata.org/entity/Q8026597
Breamore Priory,priory,50.97085,-1.78419,1536,http://www.wikidata.org/entity/Q903955
Maiden Bradley Priory,priory,51.16194444,-2.28827778,1536,http://www.wikidata.org/entity/Q6735353
Montacute Priory,priory,50.9486,-2.7177,1539,http://www.wikidata.org/entity/Q6903141
Hull Whitefriars,Carmelite monastery,53.742804015,-0.345237026,1539,http://www.wikidata.org/entity/Q119106119
Aylesford Priory,Carmelite monastery,51.3028,0.471389,1538,http://www.wikidata.org/entity/Q4831392
Poling Preceptory,priory,50.8413,-0.514857,1540,http://www.wikidata.org/entity/Q7209767
Newcastle Upon Tyne Whitefriars,Carmelite monastery,54.96838901,-1.612735009,1539,http://www.wikidata.org/entity/Q119106121
Bradenstoke Priory,priory,51.5113,-2.00614,1539,http://www.wikidata.org/entity/Q4954489
Kerswell Priory,priory,50.8493,-3.31673,1538,http://www.wikidata.org/entity/Q6394771
Scarborough Whitefriars,Carmelite monastery,54.283373014,-0.397841022,1539,http://www.wikidata.org/entity/Q119106117
"Charterhouse, Kingston upon Hull",Carthusian monastery,53.7489,-0.332717,1538,http://www.wikidata.org/entity/Q5086873
Pilton Priory,priory,51.0826,-4.07009,1539,http://www.wikidata.org/entity/Q7194531
Dunster Priory,priory,51.183194444,-3.445888888,1539,http://www.wikidata.org/entity/Q5315736
Ankerwycke Priory,priory,51.4436,-0.556569,1536,http://www.wikidata.org/entity/Q4766038
Witham Charterhouse,Carthusian monastery,51.1739,-2.34758,1539,http://www.wikidata.org/entity/Q8028111
St Nicholas Priory,priory,50.7219,-3.53498,1536,http://www.wikidata.org/entity/Q7594961
Great Yarmouth Carmelite Friary,Carmelite monastery,52.608205022,1.723672994,1538,http://www.wikidata.org/entity/Q5600280
Cranborne Priory,priory,50.9187,-1.92378,1540,http://www.wikidata.org/entity/Q5181925
Melcombe Priory,priory,50.6151,-2.45847,1538,http://www.wikidata.org/entity/Q6812069
Woodspring Priory,priory,51.3902,-2.94541,1536,http://www.wikidata.org/entity/Q8033383
Reigate Priory,priory,51.2355,-0.206336,1536,http://www.wikidata.org/entity/Q17527632
York Carmelite Friary,friary,53.9587,-1.078,1538,http://www.wikidata.org/entity/Q8055373
Dunwich Blackfriars,friary,52.271988975,1.639529957,1538,http://www.wikidata.org/entity/Q119106703
Great Yarmouth Blackfriars,friary,52.600229008,1.728742995,1538,http://www.wikidata.org/entity/Q119106706
Haverfordwest Friary,friary,51.802643998,-4.967754038,1538,http://www.wikidata.org/entity/Q119106708
York Franciscan Friary,friary,53.9548,-1.0814,1538,http://www.wikidata.org/entity/Q8055448
London Blackfriars (Ludgate),friary,51.512777973,-0.102500019,1538,http://www.wikidata.org/entity/Q119106713
Colchester Crutched Friary,friary,51.887536,0.89189691,1538,http://www.wikidata.org/entity/Q5142085
Blackfriars,friary,51.483070984,-3.185618955,1538,http://www.wikidata.org/entity/Q119106699
Northampton Blackfriars,friary,52.236667017,-0.900201027,1538,http://www.wikidata.org/entity/Q119106715
Pontefract Blackfriars,friary,53.689592011,-1.309873041,1538,http://www.wikidata.org/entity/Q119106719
Salisbury Blackfriars,friary,51.069504979,-1.79925796,1538,http://www.wikidata.org/entity/Q119106722
Stamford Blackfriars,friary,52.652388017,-0.471591,1538,http://www.wikidata.org/entity/Q119106725
Winchester Blackfriars,friary,51.06136699,-1.308445977,1538,http://www.wikidata.org/entity/Q119106729
Denbigh Friary,friary,53.187831,-3.4090833,1538,http://www.wikidata.org/entity/Q5256611
Carlisle Franciscan Friary,friary,54.8931,-2.93382,1539,http://www.wikidata.org/entity/Q5041374
Aylesbury Friary,friary,51.815216998,-0.814867004,1538,http://www.wikidata.org/entity/Q119107380
Bridgnorth Friary,friary,52.537040998,-2.416121993,1538,http://www.wikidata.org/entity/Q119107384
Cardiff Greyfriars,friary,51.483302976,-3.178360029,1538,http://www.wikidata.org/entity/Q119107386
Salisbury Black Friary,friary,51.0695,-1.7993,1538,http://www.wikidata.org/entity/Q7404741
Chichester Friary,friary,50.839570987,-0.776437974,1538,http://www.wikidata.org/entity/Q119107388
"Greyfriars, Winchelsea",friary,50.921805555,0.71025,1538,http://www.wikidata.org/entity/Q5608383
"Blackfriars, Leicester",friary,52.63695,-1.144386,1538,http://www.wikidata.org/entity/Q15199604
Greenwich Greyfriars,friary,51.483208993,-0.006581956,1538,http://www.wikidata.org/entity/Q119107391
Great Yarmouth Greyfriars,friary,52.605182013,1.726216034,1538,http://www.wikidata.org/entity/Q119107389
"Greyfriars, Hartlepool",friary,54.696677999,-1.179911972,1538,http://www.wikidata.org/entity/Q119107392
Greyfriars,friary,54.4048,-1.73804,1539,http://www.wikidata.org/entity/Q5608373
Lewes Greyfriars,friary,50.872949975,0.014681975,1538,http://www.wikidata.org/entity/Q119107396
Plymouth Greyfriars,friary,50.368613989,-4.135827039,1538,http://www.wikidata.org/entity/Q119107415
Salisbury Greyfriars,friary,51.064654988,-1.791570987,1538,http://www.wikidata.org/entity/Q119107416
Hereford Greyfriars,friary,52.052753,-2.721684,1538,http://www.wikidata.org/entity/Q110711379
Austin Friars Grimsby,friary,53.566117018,-0.086523033,1539,http://www.wikidata.org/entity/Q119104873
Boston Austin Friars,friary,52.971699994,-0.019199962,1539,http://www.wikidata.org/entity/Q119104874
Rhuddlan Friary,friary,53.28554602,-3.457810013,1538,http://www.wikidata.org/entity/Q56183375
Huntingdon Austin Friars,friary,52.332987009,-0.188080001,1539,http://www.wikidata.org/entity/Q119104875
Kingston Upon Hull Austin Friars,friary,53.741252987,-0.333039971,1539,http://www.wikidata.org/entity/Q119104876
Lincoln Austin Friars,friary,53.238671976,-0.538692007,1539,http://www.wikidata.org/entity/Q119104877
Penrith Austin Friars,friary,54.664047007,-2.74859899,1539,http://www.wikidata.org/entity/Q119104878
Stafford Austin Friars,friary,52.802713023,-2.114545964,1539,http://www.wikidata.org/entity/Q119104879
Warrington Austin Friars,friary,53.386917986,-2.593537016,1539,http://www.wikidata.org/entity/Q119104880
Woodhouse Austin Friars,friary,52.39141602,-2.520123008,1539,http://www.wikidata.org/entity/Q119104881
Austin Friars,friary,51.276962987,1.080904962,1538,http://www.wikidata.org/entity/Q119104854
"Austin Friars, Newport",friary,51.586838995,-2.997262003,1538,http://www.wikidata.org/entity/Q119104855
Doncaster Greyfriars,friary,53.526321,-1.138931,1538,http://www.wikidata.org/entity/Q110627533
Lossenham Friary,friary,51.0203,0.623333,1538,http://www.wikidata.org/entity/Q16894330
Gorleston Friary,friary,52.586373998,1.724560978,1538,http://www.wikidata.org/entity/Q119104856
Hounslow Friary,friary,51.468613002,-0.363836015,1538,http://www.wikidata.org/entity/Q119104858
Ludlow Austin Friars,friary,52.367854001,-2.71522496,1538,http://www.wikidata.org/entity/Q119104860
Northampton Austin Friars,friary,52.239163984,-0.923252965,1538,http://www.wikidata.org/entity/Q119104861
Orford Austin Friars,friary,52.093112995,1.535312987,1538,http://www.wikidata.org/entity/Q119104863
Oxford Austin Friars,friary,51.755814013,-1.254318978,1538,http://www.wikidata.org/entity/Q119104864
Oxford Trinitarian Priory,friary,51.752549987,-1.249270985,1538,http://www.wikidata.org/entity/Q119104865
Llanfaes Friary,friary,53.2748,-4.0873,1538,http://www.wikidata.org/entity/Q13126264
Rye Austin Friars,friary,50.951782992,0.734490963,1538,http://www.wikidata.org/entity/Q119104866
Worcester Blackfriars,friary,52.192,-2.223,1538,http://www.wikidata.org/entity/Q55642721
Shrewsbury Austin Friars,friary,52.708811024,-2.760261009,1538,http://www.wikidata.org/entity/Q119104867
Southampton Austin Friars,friary,50.897578992,-1.402998961,1538,http://www.wikidata.org/entity/Q119104868
Thetford Austin Friars,friary,52.410163976,0.755841042,1538,http://www.wikidata.org/entity/Q119104870
York Austin Friars,friary,53.960151001,-1.085494994,1538,http://www.wikidata.org/entity/Q119104872
"BlackFriars, Newcastle-upon-Tyne",friary,54.971802777,-1.619388888,1536,http://www.wikidata.org/entity/Q4920171
Hulne Priory,friary,55.435,-1.74288,1539,http://www.wikidata.org/entity/Q17646138
"Blackfriars, Boston",friary,52.975600024,-0.022699978,1539,http://www.wikidata.org/entity/Q119106732
"Blackfriars, Lincoln",friary,53.23117998,-0.532875955,1539,http://www.wikidata.org/entity/Q119106743
Carlisle Blackfriars,friary,54.892223005,-2.935675034,1539,http://www.wikidata.org/entity/Q119106745
Austin Friary,friary,52.20407,0.119081,1530,http://www.wikidata.org/entity/Q4823094
Carmarthen Greyfriars Friary,friary,51.8552,-4.3106,1538,http://www.wikidata.org/entity/Q64763294
Exeter Blackfriars,friary,50.7238,-3.52823,1538,http://www.wikidata.org/entity/Q5420098
Exeter Greyfriars,friary,50.7213,-3.53709,1538,http://www.wikidata.org/entity/Q5420115
Scarborough Blackfriars,friary,54.284712979,-0.398919988,1539,http://www.wikidata.org/entity/Q119106747
Shrewsbury Blackfriars,friary,52.708795022,-2.749924005,1539,http://www.wikidata.org/entity/Q119106749
Dunstable Friary,friary,51.8841,-0.5204,1539,http://www.wikidata.org/entity/Q5315701
Sandford Preceptory,friary,51.712857991,-1.231369987,1540,http://www.wikidata.org/entity/Q119108074
Slebech Preceptory,friary,51.789300023,-4.854910996,1540,http://www.wikidata.org/entity/Q119108076
Temple Bruer Preceptory,friary,53.071063999,-0.496158036,1540,http://www.wikidata.org/entity/Q119108078
Ipswich Blackfriars,friary,52.0548,1.15842,1538,http://www.wikidata.org/entity/Q6065515
"Greyfriars, Boston",friary,52.974799988,-0.021699973,1539,http://www.wikidata.org/entity/Q119107418
Grantham Greyfriars,friary,52.912147013,-0.646739034,1539,http://www.wikidata.org/entity/Q119107417
London Crutched Friars,friary,51.510833026,-0.078347016,1538,http://www.wikidata.org/entity/Q119106440
Scarborough Greyfriars,friary,54.285036008,-0.395030013,1539,http://www.wikidata.org/entity/Q119107419
Stafford Greyfriars,friary,52.812956985,-2.121461015,1539,http://www.wikidata.org/entity/Q119107420
Bangor Friary,friary,53.231000004,-4.123999999,1538,http://www.wikidata.org/entity/Q119106694
Blackfriars Chichester,friary,50.835008977,-0.775578017,1538,http://www.wikidata.org/entity/Q119106697
Brecon Friary,friary,51.946512996,-3.395348984,1538,http://www.wikidata.org/entity/Q119106702
Truro Blackfriars,friary,50.263295998,-5.055011983,1538,http://www.wikidata.org/entity/Q119106726
Castle Hedingham Priory,destroyed monastery,51.9901,0.588343,1535,http://www.wikidata.org/entity/Q5050111
Greenfield Priory,Cistercian nunnery,53.2794,0.1474,1536,http://www.wikidata.org/entity/Q5603982
Barrow Gurney Nunnery,former monastery,51.4073,-2.6748,1536,http://www.wikidata.org/entity/Q4863869
"Greyfriars, Lincoln",Franciscan friary,53.2293,-0.537,1538,http://www.wikidata.org/entity/Q5608367
"Greyfriars, Leicester",Franciscan friary,52.634,-1.136388888,1538,http://www.wikidata.org/entity/Q5608365
Quenington Preceptory,destroyed monastery,51.7343,-1.787,1540,http://www.wikidata.org/entity/Q7271239
Bodmin Friary,friary,50.4797,-4.71963,1538,http://www.wikidata.org/entity/Q4936669
West Peckham Preceptory,former monastery,51.250094,0.360714,1540,http://www.wikidata.org/entity/Q7986182
Trebeigh Preceptory,friary,50.479335999,-4.391753021,1540,http://www.wikidata.org/entity/Q119108080
Syningthwaite Priory,Cistercian nunnery,53.9326,-1.29851,1536,http://www.wikidata.org/entity/Q16920786
Austin Friars,monastery,51.51557,-0.085579,1539,http://www.wikidata.org/entity/Q4823089
Prinknash Abbey,monastery,51.8225,-2.176111111,1539,http://www.wikidata.org/entity/Q7245226
Molycourt Priory,monastery,52.6021,0.2611,1539,http://www.wikidata.org/entity/Q6896961
Brooke Priory,monastery,52.646066,-0.752515,1535,http://www.wikidata.org/entity/Q15205086
Chippenham Preceptory,monastery,52.3005,0.4388,1540,http://www.wikidata.org/entity/Q5101639
Blackborough Priory,monastery,52.698471,0.475943,1537,http://www.wikidata.org/entity/Q4922610
Durham College,monastery,51.7553,-1.25718,1545,http://www.wikidata.org/entity/Q5316483
"Greyfriars, Gloucester",monastery,51.8636,-2.24626,1538,http://www.wikidata.org/entity/Q5608361
Guildford Black Friary,monastery,51.239189,-0.586825,1538,http://www.wikidata.org/entity/Q5615791
Barrow Camera,monastery,52.863,-1.501,1540,http://www.wikidata.org/entity/Q4863866
St Neots Priory,monastery,52.228387,-0.270929,1539,http://www.wikidata.org/entity/Q7594907
Nottingham Whitefriars,monastery,52.9526,-1.15184,1539,http://www.wikidata.org/entity/Q14554919
Rushen Abbey,monastery,54.098886111,-4.634547222,1540,http://www.wikidata.org/entity/Q1476797
Newark Observant Friary,monastery,53.077663,-0.804255,1534,http://www.wikidata.org/entity/Q7016717
"Whitefriars, Coventry",monastery,52.405,-1.50148,1538,http://www.wikidata.org/entity/Q7995926
Barking Abbey,monastery,51.5359,0.0754419,1539,http://www.wikidata.org/entity/Q808279
Malling Abbey,monastery,51.29333333,0.41222222,1538,http://www.wikidata.org/entity/Q15244273
Greyfriars,monastery,51.5162,-0.0996,1538,http://www.wikidata.org/entity/Q5608368
St Leonard's Priory,benedictine nunnery,51.5284,-0.01305,1536,http://www.wikidata.org/entity/Q29586839
Haltemprice Priory,monastery,53.764613,-0.4209,1536,http://www.wikidata.org/entity/Q5643603
Syon Abbey,monastery,51.476722222,-0.311861111,1539,http://www.wikidata.org/entity/Q7662966
Bruern Abbey,monastery,51.88111115,-1.61333334,1536,http://www.wikidata.org/entity/Q22716065
Ivychurch Priory,monastery,51.0481,-1.7412,1536,http://www.wikidata.org/entity/Q6099992
Ravenstonedale Priory,monastery,54.43329,-2.42979,1539,http://www.wikidata.org/entity/Q7296553
Blackfriars,monastery,51.8641,-2.2489,1539,http://www.wikidata.org/entity/Q4922887
Monmouth Priory,monastery,51.8135,-2.71411,1540,http://www.wikidata.org/entity/Q1070243
Leeds Priory,monastery,51.2472,0.611111,1539,http://www.wikidata.org/entity/Q6516072
Derby Black Friary,monastery,52.9232,-1.48383,1539,http://www.wikidata.org/entity/Q5261418
Swaffham Bulbeck Priory,benedictine nunnery,52.24749,0.28207,1536,http://www.wikidata.org/entity/Q7652927
Owston Abbey,monastery,52.6638,-0.856526,1536,http://www.wikidata.org/entity/Q7114981
Baddesley Preceptory,monastery,51.12917,-1.13914,1540,http://www.wikidata.org/entity/Q4840686
Winchester Cathedral Priory,monastery,51.0613,-1.3134,1539,http://www.wikidata.org/entity/Q8023785
Osney Abbey,monastery,51.749406,-1.271317,1539,http://www.wikidata.org/entity/Q7107284
"Greyfriars, Beverley",monastery,53.837,-0.435626,1539,http://www.wikidata.org/entity/Q5608352
Ilchester Friary,monastery,51.0017,-2.6874,1538,http://www.wikidata.org/entity/Q15228241
Nottingham Franciscan Friary,monastery,52.9498,-1.15011,1539,http://www.wikidata.org/entity/Q7063646
