Name,Lat,Lon,Built,Wikidata
Hay Castle,52.074,-3.12597,1070,http://www.wikidata.org/entity/Q15114193
Tretower Court,51.88331,-3.1845571,1450,http://www.wikidata.org/entity/Q7838880
Newton St Loe Castle,51.374,-2.44097,1350,http://www.wikidata.org/entity/Q7020368
East Orchard Castle,51.403124,-3.3977307,1399,http://www.wikidata.org/entity/Q24636887
Corfe Castle,50.6399,-2.0589,1100,http://www.wikidata.org/entity/Q1236511
Hartlebury Castle,52.3391,-2.242,1300,http://www.wikidata.org/entity/Q5674780
Stokesay Castle,52.4303,-2.8313,1285,http://www.wikidata.org/entity/Q7618555
Tibbers Castle,55.2642,-3.79222,1250,http://www.wikidata.org/entity/Q7800318
Criccieth Castle,52.916111111,-4.2325,1230,http://www.wikidata.org/entity/Q1139896
Saffron Walden Castle,52.0255,0.242,1141,http://www.wikidata.org/entity/Q4185821
Woodcroft Castle,52.6263,-0.3172,1280,http://www.wikidata.org/entity/Q8032548
Barnstaple Castle,51.0811,-4.06322,1100,http://www.wikidata.org/entity/Q808516
Bradenstoke Priory,51.5113,-2.00614,1101,http://www.wikidata.org/entity/Q4954489
Aldingham Motte,54.1196,-3.10632,1125,http://www.wikidata.org/entity/Q17662046
Dacre Castle,54.6316,-2.83647,1400,http://www.wikidata.org/entity/Q5207734
Middleton Stoney Castle,51.9053,-1.2278,1150,http://www.wikidata.org/entity/Q17676906
Moor End Castle,52.0949,-0.900155,1347,http://www.wikidata.org/entity/Q6908028
Okehampton Castle,50.7306,-4.0083,1068,http://www.wikidata.org/entity/Q1419982
Tomen y Rhodwydd,53.0554,-3.2295,1149,http://www.wikidata.org/entity/Q20600781
Dyserth Castle,53.307666,-3.4124869,1238,http://www.wikidata.org/entity/Q18019468
Queenborough Castle,51.4162,0.748645,1361,http://www.wikidata.org/entity/Q17643879
Norwich Castle,52.6281,1.29678,1066,http://www.wikidata.org/entity/Q1672292
Wiston Castle,51.826785,-4.8711441,1050,http://www.wikidata.org/entity/Q8027762
Bolton Castle,54.3221,-1.94991,1379,http://www.wikidata.org/entity/Q495086
Bishopton Castle,54.582,-1.43404,1143,http://www.wikidata.org/entity/Q4918116
Hartley Castle,54.4691,-2.33655,1353,http://www.wikidata.org/entity/Q3783556
Lincoln Castle,53.2349,-0.5409,1068,http://www.wikidata.org/entity/Q727760
Tomen y Mur,52.9299,-3.9268,0100,http://www.wikidata.org/entity/Q12071213
Caverswall Castle,52.9826,-2.0746,1275,http://www.wikidata.org/entity/Q5055092
Brimpsfield Castle,51.8135,-2.08716,1150,http://www.wikidata.org/entity/Q4968137
Deganwy Castle,53.297964,-3.8287222,1080,http://www.wikidata.org/entity/Q2969121
Wressle Castle,53.7755,-0.929291,1390,http://www.wikidata.org/entity/Q8037764
Chipchase Tower,55.0759,-2.18574,1350,http://www.wikidata.org/entity/Q17657387
Somerton Castle,53.1174,-0.57616,1281,http://www.wikidata.org/entity/Q7559944
Ashley Castle,51.0758,-1.45254,1138,http://www.wikidata.org/entity/Q4805384
Dolforwyn Castle,52.5465,-3.25203,1273,http://www.wikidata.org/entity/Q1235495
Gleaston Castle,54.1336,-3.13159,1350,http://www.wikidata.org/entity/Q5567411
Cooling Castle,51.4555,0.522732,1380,http://www.wikidata.org/entity/Q5167493
Greystoke Castle,54.66998,-2.87705,1353,http://www.wikidata.org/entity/Q5608483
Dudley Castle,52.5146,-2.07963,1070,http://www.wikidata.org/entity/Q5311832
St Clears Castle,51.81067,-4.4949232,1200,http://www.wikidata.org/entity/Q13130290
Chillingham Castle,55.5258,-1.9041,1344,http://www.wikidata.org/entity/Q1072990
"Chapel Hill Motte, Arkholme",54.1407,-2.63016,1100,http://www.wikidata.org/entity/Q17677442
Hever Castle,51.186944,0.113889,1271,http://www.wikidata.org/entity/Q1132683
Chideock Castle,50.7343,-2.81825,1370,http://www.wikidata.org/entity/Q17677062
Ravensworth Castle,54.9262,-1.6384,1350,http://www.wikidata.org/entity/Q7296588
Westenhanger Castle,51.0944,1.03144,1343,http://www.wikidata.org/entity/Q7987356
Burwell Castle,52.2701,0.324574,1144,http://www.wikidata.org/entity/Q5001043
York Castle,53.955833333,-1.08,1068,http://www.wikidata.org/entity/Q80637
Sheriff Hutton Castle,54.0881,-1.00519,1382,http://www.wikidata.org/entity/Q7494970
Buckton Castle,53.5114,-2.01799,1200,http://www.wikidata.org/entity/Q4983547
Cawood Castle,53.8313,-1.12974,1378,http://www.wikidata.org/entity/Q5055225
Castle Pulverbatch,52.6144,-2.85435,1086,http://www.wikidata.org/entity/Q17678771
Crookston Castle,55.835419,-4.355847,1180,http://www.wikidata.org/entity/Q1966112
Pennard Castle,51.576507,-4.1020525,1200,http://www.wikidata.org/entity/Q4185855
Hemyock Castle,50.9125,-3.23156,1380,http://www.wikidata.org/entity/Q15223566
Harbottle Castle,55.337,-2.109,1200,http://www.wikidata.org/entity/Q5654774
Pontefract Castle,53.6955,-1.30394,1070,http://www.wikidata.org/entity/Q1949590
Starborough Castle,51.1783,0.0386396,1341,http://www.wikidata.org/entity/Q7601480
Dolbadarn Castle,53.116578,-4.1141967,1220,http://www.wikidata.org/entity/Q2078555
Shirburn Castle,51.65826,-0.99436,1377,http://www.wikidata.org/entity/Q7498342
Ford Castle,55.6314,-2.09025,1338,http://www.wikidata.org/entity/Q4185866
Pleshey Castle and town enclosure,51.8046,0.413535,1150,http://www.wikidata.org/entity/Q17646397
Dolbenmaen Castle,52.96415,-4.22498,1200,http://www.wikidata.org/entity/Q20600847
Beeston Castle,53.128654482,-2.6935414,1220,http://www.wikidata.org/entity/Q539538
Borthwick Castle,55.826698457,-3.007360569,1430,http://www.wikidata.org/entity/Q17567402
Ewloe Castle,53.199961,-3.0672227,1257,http://www.wikidata.org/entity/Q5419069
Skipsea Castle,53.9779,-0.230541,1086,http://www.wikidata.org/entity/Q7535837
Q1048693,52.658258,-3.9710666,1221,http://www.wikidata.org/entity/Q1048693
Bodiam Castle,51.00226,0.54353,1385,http://www.wikidata.org/entity/Q639208
Owston Ferry Castle,53.4929,-0.787662,1174,http://www.wikidata.org/entity/Q15264866
Woodsford Castle,50.7126,-2.34389,1336,http://www.wikidata.org/entity/Q17532667
Lumley Castle,54.8547,-1.55293,1389,http://www.wikidata.org/entity/Q6703353
Wingfield Castle,52.3479,1.2614,1384,http://www.wikidata.org/entity/Q8025197
Lowther Castle Stead,54.6099,-2.7464,1100,http://www.wikidata.org/entity/Q24661896
Hawarden Old Castle,53.1809,-3.01985,1277,http://www.wikidata.org/entity/Q3404121
Wallingford Castle,51.6032,-1.12172,1067,http://www.wikidata.org/entity/Q1632423
Berkhamsted Castle,51.7641,-0.558783,1066,http://www.wikidata.org/entity/Q4892150
Bedford Castle,52.1357,-0.463504,1100,http://www.wikidata.org/entity/Q4879112
Farleigh Hungerford Castle,51.3174,-2.2869,1383,http://www.wikidata.org/entity/Q5435410
Bramber Castle,50.8838,-0.316317,1070,http://www.wikidata.org/entity/Q897538
Maxstoke Castle,52.4994,-1.67167,1345,http://www.wikidata.org/entity/Q6796030
Bolingbroke Castle,53.1651,0.0169,1220,http://www.wikidata.org/entity/Q3241847
Shotwick Castle,53.2272,-2.97608,1093,http://www.wikidata.org/entity/Q7502621
Raby Castle,54.59092,-1.80175,1378,http://www.wikidata.org/entity/Q4583646
Old Bewick Tower,55.487,-1.8957,1400,http://www.wikidata.org/entity/Q117713244
Moot Hall,51.7316,0.677286,1420,http://www.wikidata.org/entity/Q17536890
Château Montcavrel,50.514586111,1.820430555,1100,http://www.wikidata.org/entity/Q122937077
Triermain Castle,54.9941,-2.63504,1157,http://www.wikidata.org/entity/Q17672036
Leicester Castle,52.6323,-1.14119,1060,http://www.wikidata.org/entity/Q6519156
Threave Castle,54.9392,-3.9697,1369,http://www.wikidata.org/entity/Q607339
Danby Castle,54.4555,-0.895197,1302,http://www.wikidata.org/entity/Q17526147
The Rings: a ringwork and bailey and a Civil War battery 400m south west of Corfe Castle,50.6375,-2.06326,1139,http://www.wikidata.org/entity/Q17661390
Greys Court,51.545,-0.956164,1348,http://www.wikidata.org/entity/Q3776690
Denbigh Castle,53.180546,-3.420726,1282,http://www.wikidata.org/entity/Q1186885
Beverston Castle,51.6476,-2.19998,1225,http://www.wikidata.org/entity/Q4899641
Hen Domen,52.574292,-3.1616908,1071,http://www.wikidata.org/entity/Q5712905
Ascot d'Oilly Castle,51.8689,-1.56378,1129,http://www.wikidata.org/entity/Q723347
Cardiff Castle,51.482309,-3.1811056,1080,http://www.wikidata.org/entity/Q1035742
Ogmore Castle,51.4806,-3.61149,1106,http://www.wikidata.org/entity/Q1789059
Llansteffan Castle,51.7655,-4.3908,1192,http://www.wikidata.org/entity/Q1936320
Dartmouth Castle,50.34232,-3.56593,1388,http://www.wikidata.org/entity/Q675259
Cilgerran Castle,52.057069,-4.6343138,1300,http://www.wikidata.org/entity/Q1774870
Haverfordwest Castle,51.802692,-4.970217,1200,http://www.wikidata.org/entity/Q5683760
Chirk Castle,52.935,-3.08972,1295,http://www.wikidata.org/entity/Q3306356
Baynard's Castle,51.511388888,-0.1,1017,http://www.wikidata.org/entity/Q812569
Carmarthen Castle,51.856,-4.30569,1105,http://www.wikidata.org/entity/Q14906524
Aberedw Castle,52.117132,-3.3502498,1093,http://www.wikidata.org/entity/Q4667054
Coity Castle,51.522119,-3.5533985,1100,http://www.wikidata.org/entity/Q1107288
Chepstow Castle,51.6439,-2.6757,1067,http://www.wikidata.org/entity/Q1070187
Launceston Castle,50.6376,-4.36142,1067,http://www.wikidata.org/entity/Q402848
Manorbier Castle,51.645485,-4.7998908,1200,http://www.wikidata.org/entity/Q1508342
Pembridge Castle,51.8686,-2.7437,1208,http://www.wikidata.org/entity/Q7161933
Wolvesey Castle,51.059166666,-1.31,0970,http://www.wikidata.org/entity/Q8030602
Marlborough Castle,51.4167,-1.73722,1067,http://www.wikidata.org/entity/Q6771659
Carisbrooke Castle,50.6875,-1.31389,1100,http://www.wikidata.org/entity/Q328595
Swansea Castle,51.6204,-3.94111,1107,http://www.wikidata.org/entity/Q7653666
Conwy Castle,53.280148779,-3.825629332,1283,http://www.wikidata.org/entity/Q756830
Odiham Castle,51.26141,-0.96159,1207,http://www.wikidata.org/entity/Q7077792
Carew Castle,51.698439,-4.8306594,1270,http://www.wikidata.org/entity/Q752721
Tower of London,51.5082,-0.076198055,1066,http://www.wikidata.org/entity/Q62378
Ayr Castle,55.466,-4.636,1197,http://www.wikidata.org/entity/Q4831619
Abergavenny Castle,51.8199,-3.01779,1087,http://www.wikidata.org/entity/Q4667087
Llawhaden Castle,51.822371,-4.7976165,1200,http://www.wikidata.org/entity/Q2637887
Castell Aberlleiniog,53.2926,-4.07727,1080,http://www.wikidata.org/entity/Q2275648
Winchester Castle,51.0618,-1.32026,1067,http://www.wikidata.org/entity/Q1704670
Taunton Castle,51.0153,-3.1138,1129,http://www.wikidata.org/entity/Q7688781
Picton Castle,51.7841,-4.88538,1300,http://www.wikidata.org/entity/Q7191106
White Castle,51.8459,-2.90206,1130,http://www.wikidata.org/entity/Q1985853
Tiverton Castle,50.9063,-3.4888,1100,http://www.wikidata.org/entity/Q7810399
Portchester Castle,50.8375,-1.115,1100,http://www.wikidata.org/entity/Q732249
Dean Castle,55.6231,-4.48403,1350,http://www.wikidata.org/entity/Q5246061
Berkeley Castle,51.688611111,-2.456944444,1067,http://www.wikidata.org/entity/Q4891993
Caernarfon Castle,53.139306,-4.276889,1283,http://www.wikidata.org/entity/Q275128
Windsor Castle,51.483888888,-0.604444444,1070,http://www.wikidata.org/entity/Q42646
St Briavels Castle,51.7382,-2.64083,1292,http://www.wikidata.org/entity/Q7592704
Worcester Castle,52.1861,-2.2214,1069,http://www.wikidata.org/entity/Q8034150
Pembroke Castle,51.676944444,-4.920555555,1093,http://www.wikidata.org/entity/Q1422235
Ludlow Castle,52.3672,-2.72301,1066,http://www.wikidata.org/entity/Q576369
Dundrum Castle,54.2566,-5.874,1180,http://www.wikidata.org/entity/Q4185827
Guildford Castle,51.2339,-0.572659,1100,http://www.wikidata.org/entity/Q139629
Aberdyfi Castle,52.553791,-3.9377481,1156,http://www.wikidata.org/entity/Q4667053
Tretower Castle,51.883928,-3.1855904,1200,http://www.wikidata.org/entity/Q7838881
Arundel Castle,50.856111111,-0.553611111,1067,http://www.wikidata.org/entity/Q716667
Morlais Castle,51.7768,-3.3789,1300,http://www.wikidata.org/entity/Q6912480
Beaumaris Castle,53.264908,-4.08957,1295,http://www.wikidata.org/entity/Q756815
Wilton Castle,51.9165,-2.59705,1200,http://www.wikidata.org/entity/Q8023365
Donnington Castle,51.4197,-1.3381,1386,http://www.wikidata.org/entity/Q849861
Restormel Castle,50.4217,-4.6704,1100,http://www.wikidata.org/entity/Q1140030
Montgomery Castle,52.563229,-3.1502011,1223,http://www.wikidata.org/entity/Q3400816
Bridgwater Castle,51.1295,-3.00411,1202,http://www.wikidata.org/entity/Q4966919
Rhuddlan Castle,53.2892,-3.46425,1277,http://www.wikidata.org/entity/Q1585938
Caerphilly Castle,51.576052,-3.2203334,1268,http://www.wikidata.org/entity/Q682601
Harlech Castle,52.860004,-4.1091644,1283,http://www.wikidata.org/entity/Q540964
Newcastle Castle,51.508861,-3.583252,1106,http://www.wikidata.org/entity/Q2614444
Castle Rushen,54.073611111,-4.652777777,1250,http://www.wikidata.org/entity/Q2967821
Kidwelly Castle,51.7394081,-4.305735,1106,http://www.wikidata.org/entity/Q1585849
Goodrich Castle,51.8767,-2.6157,1001,http://www.wikidata.org/entity/Q5583571
Monmouth Castle,51.812499,-2.7168518,1060,http://www.wikidata.org/entity/Q525635
Aberystwyth Castle,52.413277777,-4.089503888,1277,http://www.wikidata.org/entity/Q319745
Kerelaw Castle,55.6484,-4.7523,1191,http://www.wikidata.org/entity/Q6393772
Clough Castle,54.292222222,-5.836666666,1000,http://www.wikidata.org/entity/Q1102669
Merchiston Tower,55.9333,-3.21391,1454,http://www.wikidata.org/entity/Q1921452
Muncaster Castle,54.3546554,-3.3808693,1258,http://www.wikidata.org/entity/Q6935640
Kimbolton Castle,52.2956,-0.38716,1200,http://www.wikidata.org/entity/Q501080
Lancaster Castle,54.0498,-2.80562,1093,http://www.wikidata.org/entity/Q2969640
Allington Castle,51.293333333,0.511666666,1279,http://www.wikidata.org/entity/Q4732691
Dover Castle,51.128268,1.3235035,1179,http://www.wikidata.org/entity/Q950970
Château de Dieppe,49.92473,1.07026,1300,http://www.wikidata.org/entity/Q113277891
Peveril Castle,53.3402,-1.7772,1080,http://www.wikidata.org/entity/Q255574
Middleham Castle,54.28404,-1.80685,1190,http://www.wikidata.org/entity/Q2705370
Richmond Castle,54.40218548,-1.737511865,1071,http://www.wikidata.org/entity/Q6645746
Bletsoe Castle,52.2144,-0.50131,1327,http://www.wikidata.org/entity/Q4926388
Neidpath Castle,55.65188697,-3.215373912,1263,http://www.wikidata.org/entity/Q9704508
Herstmonceux Castle,50.8702,0.339214,1401,http://www.wikidata.org/entity/Q2652207
Château d'Arques-la-Bataille,49.877235,1.127054,1200,http://www.wikidata.org/entity/Q2968129
Rochester Castle,51.3898,0.50163,1087,http://www.wikidata.org/entity/Q1125527
Manchester Castle,53.4868,-2.24191,1184,http://www.wikidata.org/entity/Q4280811
Kenilworth Castle,52.347,-1.59111,1122,http://www.wikidata.org/entity/Q1738764
Castle Acre Castle,52.7031,0.693285,1140,http://www.wikidata.org/entity/Q5049976
Tynemouth Castle and Priory,55.0175,-1.418888888,0601,http://www.wikidata.org/entity/Q7860523
Hermitage Castle,55.2556,-2.7933,1240,http://www.wikidata.org/entity/Q1613640
Spofforth Castle,53.9548,-1.4525,1400,http://www.wikidata.org/entity/Q7578812
Cheveley Castle,52.2244,0.456373,1341,http://www.wikidata.org/entity/Q5094311
Halton Castle,53.333055555,-2.695833333,1001,http://www.wikidata.org/entity/Q2301986
Alnwick Castle,55.415783,-1.706078,1096,http://www.wikidata.org/entity/Q1320427
Saltwood Castle,51.0817,1.08476,1100,http://www.wikidata.org/entity/Q402419
Weeting Castle,52.4711,0.6163,1180,http://www.wikidata.org/entity/Q7979637
Clifton Castle,54.2536,-1.6667,1320,http://www.wikidata.org/entity/Q99480800
Helmsley Castle,54.2447,-1.06389,1385,http://www.wikidata.org/entity/Q4185868
Conisbrough Castle,53.4843,-1.22606,1100,http://www.wikidata.org/entity/Q3662579
Pendragon Castle,54.4187,-2.3377,1101,http://www.wikidata.org/entity/Q15265868
Holt Castle,53.0779,-2.88023,1282,http://www.wikidata.org/entity/Q5884534
Clitheroe Castle,53.8709,-2.3931,1200,http://www.wikidata.org/entity/Q5134437
Chester Castle,53.1853,-2.8923,1069,http://www.wikidata.org/entity/Q505858
Caerlaverock Castle,54.9756,-3.524,1300,http://www.wikidata.org/entity/Q1025398
Edinburgh Castle,55.9487,-3.20073,1200,http://www.wikidata.org/entity/Q212065
Warwick Castle,52.2796,-1.58561,1068,http://www.wikidata.org/entity/Q941276
Belsay Castle,55.102,-1.869,1439,http://www.wikidata.org/entity/Q2968534
Jedburgh Castle,55.474201221,-2.559015134,1100,http://www.wikidata.org/entity/Q1602945
Ypres Tower,50.9498,0.735561,1249,http://www.wikidata.org/entity/Q7384956
Liverpool Castle,53.4049,-2.98889,1237,http://www.wikidata.org/entity/Q6658332
Brough Castle,54.521811111,-2.323480555,1092,http://www.wikidata.org/entity/Q2351225
Durham Castle,54.7749,-1.57558,1072,http://www.wikidata.org/entity/Q752266
Tamworth Castle,52.6325,-1.69635,1070,http://www.wikidata.org/entity/Q7681908
Scarborough Castle,54.2869,-0.388034,1130,http://www.wikidata.org/entity/Q1963850
Skipton Castle,53.964062,-2.014962,1090,http://www.wikidata.org/entity/Q7535853
Dunstanburgh Castle,55.4885,-1.59351,1313,http://www.wikidata.org/entity/Q515105
Norham Castle,55.721812,-2.150757,1121,http://www.wikidata.org/entity/Q388705
Gresham Castle,52.8964786,1.2197078,1318,http://www.wikidata.org/entity/Q5607570
Carlisle Castle,54.8972,-2.94167,1093,http://www.wikidata.org/entity/Q614836
Castle Rising Castle,52.7929393,0.4689556,1138,http://www.wikidata.org/entity/Q1049485
Shrewsbury Castle,52.7107,-2.74942,1070,http://www.wikidata.org/entity/Q2280236
Leeds Castle,51.248888888,0.63,1119,http://www.wikidata.org/entity/Q746876
Rockingham Castle,52.5129,-0.724,1000,http://www.wikidata.org/entity/Q3939808
Tattershall Castle,53.101333333,-0.192611111,1231,http://www.wikidata.org/entity/Q2628361
Flint Castle,53.2517,-3.12993,1277,http://www.wikidata.org/entity/Q1428846
Belvoir Castle,52.8945,-0.78256,1067,http://www.wikidata.org/entity/Q816295
Roslin Castle,55.8526,-3.16002,1305,http://www.wikidata.org/entity/Q1761393
Pevensey Castle,50.8192,0.333114,1066,http://www.wikidata.org/entity/Q2970215
Penrith Castle,54.6621,-2.7573,1399,http://www.wikidata.org/entity/Q2970199
Appleby Castle,54.5742,-2.48878,1120,http://www.wikidata.org/entity/Q1639481
Sudeley Castle,51.947222222,-1.956111111,1443,http://www.wikidata.org/entity/Q631473
Hertford Castle,51.7953,-0.08023,1066,http://www.wikidata.org/entity/Q2363520
Lympne Castle,51.072216666,1.023622222,1080,http://www.wikidata.org/entity/Q421395
Kilmahew Castle,55.9725,-4.642777777,1290,http://www.wikidata.org/entity/Q1741395
Aydon Castle,54.9914,-1.99941,1296,http://www.wikidata.org/entity/Q1965841
Canterbury Castle,51.2757,1.07462,1135,http://www.wikidata.org/entity/Q2968772
Colchester Castle,51.890589,0.903047,1069,http://www.wikidata.org/entity/Q198287
Thurland Castle,54.152,-2.5978,1400,http://www.wikidata.org/entity/Q7799305
Northampton Castle,52.2371,-0.90489,1084,http://www.wikidata.org/entity/Q7057595
Auckland Castle,54.6664,-1.67065,1183,http://www.wikidata.org/entity/Q4819493
Folkestone Castle,51.0985,1.16078,1095,http://www.wikidata.org/entity/Q5464516
Craigmillar Castle,55.9257,-3.14089,1300,http://www.wikidata.org/entity/Q432422
Newark Castle,53.0775,-0.812415,1130,http://www.wikidata.org/entity/Q2970132
Nottingham Castle,52.949166666,-1.154722222,1067,http://www.wikidata.org/entity/Q17642916
Knaresborough Castle,54.0069,-1.4689,1100,http://www.wikidata.org/entity/Q6421781
Dunglass Castle,55.9294,-4.50262,1400,http://www.wikidata.org/entity/Q5315205
Newcastle upon Tyne Castle,54.968828,-1.610356,1080,http://www.wikidata.org/entity/Q7721569
Caister Castle,52.6505,1.70113,1432,http://www.wikidata.org/entity/Q5017844
Orford Castle,52.0942,1.53073,1165,http://www.wikidata.org/entity/Q1964047
Hadleigh Castle,51.5444,0.609,1230,http://www.wikidata.org/entity/Q2898656
Monnow Bridge,51.809,-2.71996,1300,http://www.wikidata.org/entity/Q250115
