---,Name,Kind,Description,Slots,bTwoHanded,WeightKg,Protection,Warmth,Durability,Damage,DamageType,ValuePence,Icon,ReachCm,Shape
helmet_kettle_hat,Kettle Hat,Helmet,"An open iron helmet with a wide brim, cheap and good against blows and arrows from above. The common soldier's helmet.",(Helmet),False,1.6,28,2,120,0,None,40,icon_helmet_kettle_hat,0,None
helmet_sallet,Sallet,Helmet,The helmet of the Wars of the Roses: a smooth steel skull with a long tail over the neck and a visor that lifts.,(Helmet),False,2.0,38,2,150,0,None,160,icon_helmet_sallet,0,None
helmet_sallet_bevor,Sallet with Bevor,Helmet,"A sallet worn with a bevor, a steel plate that guards the chin and throat. Little is left open but the eyes.",(Helmet),False,3.0,48,3,160,0,None,280,icon_helmet_sallet_bevor,0,None
helmet_armet,Armet,Helmet,"A close helmet from Italy that shuts around the whole head with hinged cheek plates. A knight's helmet, costly and stifling.",(Helmet),False,3.4,55,3,170,0,None,600,icon_helmet_armet,0,None
hat_straw,Straw Hat,Hat,"A plaited straw hat for the harvest field. It keeps the sun and a little rain off, and nothing else.",(Helmet),False,0.2,0,1,20,0,None,1,icon_hat_straw,0,None
hat_felt,Felt Hat,Hat,"A brown wool-felt hat, the everyday headwear of townsmen and yeomen.",(Helmet),False,0.2,1,4,40,0,None,4,icon_hat_felt,0,None
coif_linen,Linen Coif,Coif,"A close white linen cap tied under the chin. Almost everyone wears one, alone or under a hat.",(Coif),False,0.05,0,2,30,0,None,1,icon_coif_linen,0,None
coif_arming_cap,Arming Cap,Coif,A padded cap worn under a helmet to soften blows and stop the steel from chafing.,(Coif),False,0.3,6,5,60,0,None,6,icon_coif_arming_cap,0,None
hood_wool,Wool Hood,Hood,"A hood with a short cape over the shoulders, the usual wear for the road in wind and rain.",(Coif),False,0.4,2,9,50,0,None,8,icon_hood_wool,0,None
hood_fool,Fool's Hood,Hood,"A parti-coloured hood with ass's ears and bells, worn by jesters and at feast-day revels.",(Coif),False,0.4,1,7,40,0,None,14,icon_hood_fool,0,None
weapon_bill,English Bill,"Polearm, two hands","A farm billhook on a long shaft, with a spike and a hook added for war. It cuts, stabs and drags riders from the saddle: the English foot soldier's weapon.",(WeaponMain),True,2.7,0,0,110,34,Cut,24,icon_weapon_bill,220,Pole
weapon_poleaxe,Poleaxe,"Polearm, two hands","Axe blade, hammer and spike on one shaft, made to break plate armour. The weapon of knights fighting on foot.",(WeaponMain),True,2.9,0,0,130,40,Blunt,120,icon_weapon_poleaxe,190,Pole
weapon_longsword,Longsword,"Sword, two hands","A long straight sword with a grip for two hands, quick in the cut and fine in the thrust. A gentleman's weapon.","(WeaponMain,Belt1,Belt2)",True,1.5,0,0,100,30,Cut,240,icon_weapon_longsword,120,Blade
weapon_arming_sword,Arming Sword,"Sword, one hand","The straight one-handed sword worn at the hip by men-at-arms, often used with a buckler.","(WeaponMain,Belt1,Belt2)",False,1.1,0,0,100,24,Cut,120,icon_weapon_arming_sword,95,Blade
weapon_falchion,Falchion,"Sword, one hand",A broad single-edged sword that cuts like a cleaver. Cheaper than a knightly sword and brutal against unarmoured men.,"(WeaponMain,Belt1,Belt2)",False,1.2,0,0,90,26,Cut,60,icon_weapon_falchion,85,Blade
weapon_war_hammer,War Hammer,"Hammer, one hand","A small hammer head backed by a spike, made to dent and pierce plate where a sword edge would only skate.","(WeaponMain,Belt1,Belt2)",False,1.3,0,0,120,27,Blunt,80,icon_weapon_war_hammer,70,Hammer
weapon_mace,Mace,"Mace, one hand",A flanged steel head on a short haft. It needs no edge and cares little for mail.,"(WeaponMain,Belt1,Belt2)",False,1.4,0,0,130,25,Blunt,70,icon_weapon_mace,65,Hammer
weapon_spear,Spear,"Polearm, two hands","An ash shaft with a leaf-shaped iron head: the oldest and cheapest weapon of war, and still one of the best.",(WeaponMain),True,1.8,0,0,90,28,Pierce,12,icon_weapon_spear,230,Pole
weapon_longbow,Longbow,"Bow, two hands","A man-tall bow of yew. It takes years to learn, and English law makes every man practise at the butts on Sundays.","(WeaponMain,Back)",True,0.8,0,0,70,32,Pierce,18,icon_weapon_longbow,185,Bow
weapon_crossbow,Crossbow,"Crossbow, two hands","A steel or horn bow on a stock, spanned with a lever or windlass. Slow to load, easy to aim, and it hits hard.","(WeaponMain,Back)",True,3.5,0,0,90,38,Pierce,100,icon_weapon_crossbow,90,Crossbow
weapon_cudgel,Cudgel,"Club, one hand","A stout wooden club. Every village has a few, and the law can hardly forbid a stick.","(WeaponMain,Belt1,Belt2)",False,0.9,0,0,60,12,Blunt,1,icon_weapon_cudgel,70,Club
weapon_quarterstaff,Quarterstaff,"Staff, two hands","A straight ash staff taller than a man: a walking stick on the road and a fast, far-reaching weapon in trained hands.",(WeaponMain),True,1.6,0,0,70,16,Blunt,2,icon_weapon_quarterstaff,190,Staff
weapon_wood_axe,Wood Axe,"Axe, one hand","A felling axe from the woodpile. A tool first, but it splits a shield as well as a log.","(WeaponMain,Belt1,Belt2)",False,1.5,0,0,80,20,Cut,8,icon_weapon_wood_axe,75,Axe
offhand_buckler,Buckler,Small shield,"A small round steel shield held in the fist, used with a sword to turn blows and punch. Worn hung on the belt in town.","(WeaponOff,Belt1,Belt2)",False,1.2,12,0,110,6,Blunt,24,icon_offhand_buckler,32,Buckler
offhand_lantern,Horn Lantern,Light,A candle lantern with windows of thin scraped horn: light for the road that the wind can't blow out.,"(WeaponOff,Belt1,Belt2)",False,0.8,0,1,40,0,None,10,icon_offhand_lantern,25,Lantern
back_pavise_york,Pavise of York,Large shield,"A tall wooden shield that a crossbowman props up and shelters behind while he loads, painted with the badge of York.",(Back),False,7.0,30,0,140,0,None,60,icon_back_pavise_york,110,Shield
back_pavise_lancaster,Pavise of Lancaster,Large shield,"A tall wooden shield that a crossbowman props up and shelters behind while he loads, painted with the badge of Lancaster.",(Back),False,7.0,30,0,140,0,None,60,icon_back_pavise_lancaster,110,Shield
back_heater_shield_york,Heater Shield of York,Shield,"A flat-topped wooden shield faced with painted leather. Old-fashioned by 1455, but it still stops a blade.","(Back,WeaponOff)",False,3.0,22,0,120,4,Blunt,48,icon_back_heater_shield_york,65,Shield
back_heater_shield_lancaster,Heater Shield of Lancaster,Shield,"A flat-topped wooden shield faced with painted leather. Old-fashioned by 1455, but it still stops a blade.","(Back,WeaponOff)",False,3.0,22,0,120,4,Blunt,48,icon_back_heater_shield_lancaster,65,Shield
cloak_wool,Wool Cloak,Cloak,"A heavy cloak of undyed wool, greasy enough to shed rain. Bed and blanket to anyone sleeping rough.",(Cloak),False,1.6,1,22,70,0,None,18,icon_cloak_wool,0,None
cloak_hooded,Hooded Cloak,Cloak,"A travelling cloak with its own hood, for long days on the road in English weather.",(Cloak),False,1.9,1,27,70,0,None,28,icon_cloak_hooded,0,None
cloak_fur_lined,Fur-Lined Cloak,Cloak,"Fine dyed wool lined with fur. The law says who may wear which furs, so it shows rank as well as keeping out the cold.",(Cloak),False,2.6,2,40,60,0,None,480,icon_cloak_fur_lined,0,None
belt_rondel_dagger,Rondel Dagger,Dagger,"A stiff spike of a dagger with a round guard and pommel, made to be driven through the gaps in armour.","(Belt1,Belt2,WeaponMain,WeaponOff)",False,0.45,0,0,90,14,Pierce,20,icon_belt_rondel_dagger,38,Dagger
belt_ballock_dagger,Ballock Dagger,Dagger,"The common man's dagger, named for the two round lobes of its guard. Worn at the front of the belt by nearly everyone.","(Belt1,Belt2,WeaponMain,WeaponOff)",False,0.35,0,0,80,12,Pierce,8,icon_belt_ballock_dagger,33,Dagger
belt_knife,Knife,Knife,A plain single-edged knife for eating and work. Everyone carries one; few think of it as a weapon.,"(Belt1,Belt2,WeaponMain,WeaponOff)",False,0.15,0,0,60,7,Cut,2,icon_belt_knife,22,Dagger
belt_arrow_bag,Arrow Bag,Arrows,A linen bag with a leather spacer that holds a sheaf of 24 arrows and keeps their feathers dry.,"(Belt1,Belt2)",False,1.5,0,0,50,0,None,16,icon_belt_arrow_bag,0,None
belt_purse,Purse,Purse,A leather purse hung from the belt. Cutpurses are named for what they do to the thongs.,"(Belt1,Belt2)",False,0.2,0,0,50,0,None,4,icon_belt_purse,0,None
belt_torch,Torch,Light,"A stave wrapped in tallow-soaked rags. Bright, smoky, and gone within the hour.","(Belt1,Belt2,WeaponOff)",False,0.7,0,2,15,4,Blunt,1,icon_belt_torch,55,Torch
gambeson_padded_jack,Padded Jack,Padding,Many layers of linen quilted into a thick coat. Worn alone it is the poor soldier's armour; it turns cuts and smothers blows.,(Gambeson),False,3.5,18,14,100,0,None,48,icon_gambeson_padded_jack,0,None
gambeson_arming_doublet,Arming Doublet,Padding,"A fitted padded doublet with laces to tie plate armour onto. Lighter than a jack, and made to be worn under steel.",(Gambeson),False,1.8,9,10,90,0,None,80,icon_gambeson_arming_doublet,0,None
tunic_plain_wool,Plain Wool Tunic,Clothing,A knee-length tunic of undyed wool: what most of England wears most days.,(Tunic),False,0.9,1,12,60,0,None,10,icon_tunic_plain_wool,0,None
tunic_livery_neville,Neville Livery Jacket,Livery,A jacket in the red of the Nevilles with their white saltire. Wearing a lord's livery says whose man you are.,(Tunic),False,1.0,2,12,70,0,None,40,icon_tunic_livery_neville,0,None
tunic_tabard,Tabard,Livery,"A short open-sided coat worn over armour, showing a coat of arms so that friend can tell friend in the press.",(Tunic),False,0.7,1,6,60,0,None,60,icon_tunic_tabard,0,None
tunic_noble_gown,Noble's Gown,Clothing,"A long pleated gown of fine dyed cloth with hanging sleeves, belted at the waist. Not for working in, which is the point.",(Tunic),False,2.2,1,20,50,0,None,720,icon_tunic_noble_gown,0,None
mail_shirt,Mail Shirt,Mail,"A haubergeon: thousands of riveted iron rings reaching to the thigh. Proof against cuts, less so against points and hammers.",(Mail),False,9.0,34,2,180,0,None,480,icon_mail_shirt,0,None
mail_skirt,Mail Skirt,Mail,A skirt of mail hung from the waist to guard the hips and groin where plate leaves gaps.,(Mail),False,3.0,12,1,160,0,None,120,icon_mail_skirt,0,None
plate_brigandine,Brigandine,Body armour,"Small steel plates riveted inside a cloth jacket, the rivet heads showing in rows. Flexible, strong, and favoured by archers and captains alike.",(Plate),False,8.0,44,4,170,0,None,400,icon_plate_brigandine,0,None
plate_jack_of_plates,Jack of Plates,Body armour,"Iron plates sewn between layers of canvas. The cheap cousin of the brigandine, made in every market town.",(Plate),False,7.0,34,5,140,0,None,160,icon_plate_jack_of_plates,0,None
plate_full_harness,Full Harness,Body armour,"A complete suit of plate: breast and back, arms and legs, made to measure. A fortune in steel, and it lets a trained man run, ride and fight.",(Plate),False,22.0,80,5,220,0,None,4800,icon_plate_full_harness,0,None
necklace_ss_collar,Collar of Esses,Livery collar,"A collar of linked S-shapes, the badge of the House of Lancaster. The king gives it to those who serve him.",(Necklace),False,0.3,0,0,80,0,None,960,icon_necklace_ss_collar,0,None
necklace_suns_roses,Collar of Suns and Roses,Livery collar,"A collar of suns and white roses, the badges of the House of York, given to its trusted men.",(Necklace),False,0.3,0,0,80,0,None,960,icon_necklace_suns_roses,0,None
gloves_leather,Leather Gloves,Gloves,"Plain leather gloves for riding, hawking and hard work.",(Gloves),False,0.2,2,5,50,0,None,6,icon_gloves_leather,0,None
gloves_gauntlets,Gauntlets,Gloves,Steel mitten gauntlets over leather gloves. A sword hand without them is soon a hand without fingers.,(Gloves),False,1.2,20,3,150,0,None,200,icon_gloves_gauntlets,0,None
boots_ankle,Ankle Boots,Footwear,Side-laced turnshoes of soft leather with a flat sole and no heel. They wear through in a season.,(Boots),False,0.6,1,5,45,0,None,6,icon_boots_ankle,0,None
boots_riding,Riding Boots,Footwear,Tall soft boots that reach the thigh and fold down for walking. They keep the legs from the saddle and the mud.,(Boots),False,1.2,3,8,70,0,None,40,icon_boots_riding,0,None
boots_sabatons,Sabatons,Footwear,"Jointed steel shoes that cover the foot, the last piece of a full harness.",(Boots),False,1.6,18,2,150,0,None,180,icon_boots_sabatons,0,None
